-- phpMyAdmin SQL Dump
-- version 5.0.2
-- https://www.phpmyadmin.net/
--
-- Máy chủ: 127.0.0.1:3306
-- Thời gian đã tạo: Th10 14, 2020 lúc 06:14 AM
-- Phiên bản máy phục vụ: 5.7.31
-- Phiên bản PHP: 7.4.9

SET SQL_MODE = "NO_AUTO_VALUE_ON_ZERO";
START TRANSACTION;
SET time_zone = "+00:00";


/*!40101 SET @OLD_CHARACTER_SET_CLIENT=@@CHARACTER_SET_CLIENT */;
/*!40101 SET @OLD_CHARACTER_SET_RESULTS=@@CHARACTER_SET_RESULTS */;
/*!40101 SET @OLD_COLLATION_CONNECTION=@@COLLATION_CONNECTION */;
/*!40101 SET NAMES utf8mb4 */;

--
-- Cơ sở dữ liệu: `thucung`
--
CREATE DATABASE IF NOT EXISTS `thucung` DEFAULT CHARACTER SET utf8mb4 COLLATE utf8mb4_unicode_ci;
USE `thucung`;

-- --------------------------------------------------------

--
-- Cấu trúc bảng cho bảng `wp_thucungcommentmeta`
--

DROP TABLE IF EXISTS `wp_thucungcommentmeta`;
CREATE TABLE IF NOT EXISTS `wp_thucungcommentmeta` (
  `meta_id` bigint(20) UNSIGNED NOT NULL AUTO_INCREMENT,
  `comment_id` bigint(20) UNSIGNED NOT NULL DEFAULT '0',
  `meta_key` varchar(255) COLLATE utf8mb4_unicode_520_ci DEFAULT NULL,
  `meta_value` longtext COLLATE utf8mb4_unicode_520_ci,
  PRIMARY KEY (`meta_id`),
  KEY `comment_id` (`comment_id`),
  KEY `meta_key` (`meta_key`(191))
) ENGINE=MyISAM DEFAULT CHARSET=utf8mb4 COLLATE=utf8mb4_unicode_520_ci;

-- --------------------------------------------------------

--
-- Cấu trúc bảng cho bảng `wp_thucungcomments`
--

DROP TABLE IF EXISTS `wp_thucungcomments`;
CREATE TABLE IF NOT EXISTS `wp_thucungcomments` (
  `comment_ID` bigint(20) UNSIGNED NOT NULL AUTO_INCREMENT,
  `comment_post_ID` bigint(20) UNSIGNED NOT NULL DEFAULT '0',
  `comment_author` tinytext COLLATE utf8mb4_unicode_520_ci NOT NULL,
  `comment_author_email` varchar(100) COLLATE utf8mb4_unicode_520_ci NOT NULL DEFAULT '',
  `comment_author_url` varchar(200) COLLATE utf8mb4_unicode_520_ci NOT NULL DEFAULT '',
  `comment_author_IP` varchar(100) COLLATE utf8mb4_unicode_520_ci NOT NULL DEFAULT '',
  `comment_date` datetime NOT NULL DEFAULT '0000-00-00 00:00:00',
  `comment_date_gmt` datetime NOT NULL DEFAULT '0000-00-00 00:00:00',
  `comment_content` text COLLATE utf8mb4_unicode_520_ci NOT NULL,
  `comment_karma` int(11) NOT NULL DEFAULT '0',
  `comment_approved` varchar(20) COLLATE utf8mb4_unicode_520_ci NOT NULL DEFAULT '1',
  `comment_agent` varchar(255) COLLATE utf8mb4_unicode_520_ci NOT NULL DEFAULT '',
  `comment_type` varchar(20) COLLATE utf8mb4_unicode_520_ci NOT NULL DEFAULT 'comment',
  `comment_parent` bigint(20) UNSIGNED NOT NULL DEFAULT '0',
  `user_id` bigint(20) UNSIGNED NOT NULL DEFAULT '0',
  PRIMARY KEY (`comment_ID`),
  KEY `comment_post_ID` (`comment_post_ID`),
  KEY `comment_approved_date_gmt` (`comment_approved`,`comment_date_gmt`),
  KEY `comment_date_gmt` (`comment_date_gmt`),
  KEY `comment_parent` (`comment_parent`),
  KEY `comment_author_email` (`comment_author_email`(10))
) ENGINE=MyISAM AUTO_INCREMENT=2 DEFAULT CHARSET=utf8mb4 COLLATE=utf8mb4_unicode_520_ci;

--
-- Đang đổ dữ liệu cho bảng `wp_thucungcomments`
--

INSERT INTO `wp_thucungcomments` (`comment_ID`, `comment_post_ID`, `comment_author`, `comment_author_email`, `comment_author_url`, `comment_author_IP`, `comment_date`, `comment_date_gmt`, `comment_content`, `comment_karma`, `comment_approved`, `comment_agent`, `comment_type`, `comment_parent`, `user_id`) VALUES
(1, 1, 'A WordPress Commenter', 'wapuu@wordpress.example', 'https://wordpress.org/', '', '2020-11-10 07:57:48', '2020-11-10 07:57:48', 'Hi, this is a comment.\nTo get started with moderating, editing, and deleting comments, please visit the Comments screen in the dashboard.\nCommenter avatars come from <a href=\"https://gravatar.com\">Gravatar</a>.', 0, '1', '', 'comment', 0, 0);

-- --------------------------------------------------------

--
-- Cấu trúc bảng cho bảng `wp_thucunglinks`
--

DROP TABLE IF EXISTS `wp_thucunglinks`;
CREATE TABLE IF NOT EXISTS `wp_thucunglinks` (
  `link_id` bigint(20) UNSIGNED NOT NULL AUTO_INCREMENT,
  `link_url` varchar(255) COLLATE utf8mb4_unicode_520_ci NOT NULL DEFAULT '',
  `link_name` varchar(255) COLLATE utf8mb4_unicode_520_ci NOT NULL DEFAULT '',
  `link_image` varchar(255) COLLATE utf8mb4_unicode_520_ci NOT NULL DEFAULT '',
  `link_target` varchar(25) COLLATE utf8mb4_unicode_520_ci NOT NULL DEFAULT '',
  `link_description` varchar(255) COLLATE utf8mb4_unicode_520_ci NOT NULL DEFAULT '',
  `link_visible` varchar(20) COLLATE utf8mb4_unicode_520_ci NOT NULL DEFAULT 'Y',
  `link_owner` bigint(20) UNSIGNED NOT NULL DEFAULT '1',
  `link_rating` int(11) NOT NULL DEFAULT '0',
  `link_updated` datetime NOT NULL DEFAULT '0000-00-00 00:00:00',
  `link_rel` varchar(255) COLLATE utf8mb4_unicode_520_ci NOT NULL DEFAULT '',
  `link_notes` mediumtext COLLATE utf8mb4_unicode_520_ci NOT NULL,
  `link_rss` varchar(255) COLLATE utf8mb4_unicode_520_ci NOT NULL DEFAULT '',
  PRIMARY KEY (`link_id`),
  KEY `link_visible` (`link_visible`)
) ENGINE=MyISAM DEFAULT CHARSET=utf8mb4 COLLATE=utf8mb4_unicode_520_ci;

-- --------------------------------------------------------

--
-- Cấu trúc bảng cho bảng `wp_thucungoptions`
--

DROP TABLE IF EXISTS `wp_thucungoptions`;
CREATE TABLE IF NOT EXISTS `wp_thucungoptions` (
  `option_id` bigint(20) UNSIGNED NOT NULL AUTO_INCREMENT,
  `option_name` varchar(191) COLLATE utf8mb4_unicode_520_ci NOT NULL DEFAULT '',
  `option_value` longtext COLLATE utf8mb4_unicode_520_ci NOT NULL,
  `autoload` varchar(20) COLLATE utf8mb4_unicode_520_ci NOT NULL DEFAULT 'yes',
  PRIMARY KEY (`option_id`),
  UNIQUE KEY `option_name` (`option_name`),
  KEY `autoload` (`autoload`)
) ENGINE=MyISAM AUTO_INCREMENT=183 DEFAULT CHARSET=utf8mb4 COLLATE=utf8mb4_unicode_520_ci;

--
-- Đang đổ dữ liệu cho bảng `wp_thucungoptions`
--

INSERT INTO `wp_thucungoptions` (`option_id`, `option_name`, `option_value`, `autoload`) VALUES
(1, 'siteurl', 'http://localhost/thucung', 'yes'),
(2, 'home', 'http://localhost/thucung', 'yes'),
(3, 'blogname', 'Thu Cung', 'yes'),
(4, 'blogdescription', 'Just another WordPress site', 'yes'),
(5, 'users_can_register', '0', 'yes'),
(6, 'admin_email', 'tranbinhan1997@gmail.com', 'yes'),
(7, 'start_of_week', '1', 'yes'),
(8, 'use_balanceTags', '0', 'yes'),
(9, 'use_smilies', '1', 'yes'),
(10, 'require_name_email', '1', 'yes'),
(11, 'comments_notify', '1', 'yes'),
(12, 'posts_per_rss', '10', 'yes'),
(13, 'rss_use_excerpt', '0', 'yes'),
(14, 'mailserver_url', 'mail.example.com', 'yes'),
(15, 'mailserver_login', 'login@example.com', 'yes'),
(16, 'mailserver_pass', 'password', 'yes'),
(17, 'mailserver_port', '110', 'yes'),
(18, 'default_category', '1', 'yes'),
(19, 'default_comment_status', 'open', 'yes'),
(20, 'default_ping_status', 'open', 'yes'),
(21, 'default_pingback_flag', '1', 'yes'),
(22, 'posts_per_page', '10', 'yes'),
(23, 'date_format', 'F j, Y', 'yes'),
(24, 'time_format', 'g:i a', 'yes'),
(25, 'links_updated_date_format', 'F j, Y g:i a', 'yes'),
(26, 'comment_moderation', '0', 'yes'),
(27, 'moderation_notify', '1', 'yes'),
(28, 'permalink_structure', '/%year%/%monthnum%/%day%/%postname%/', 'yes'),
(29, 'rewrite_rules', 'a:94:{s:11:\"^wp-json/?$\";s:22:\"index.php?rest_route=/\";s:14:\"^wp-json/(.*)?\";s:33:\"index.php?rest_route=/$matches[1]\";s:21:\"^index.php/wp-json/?$\";s:22:\"index.php?rest_route=/\";s:24:\"^index.php/wp-json/(.*)?\";s:33:\"index.php?rest_route=/$matches[1]\";s:17:\"^wp-sitemap\\.xml$\";s:23:\"index.php?sitemap=index\";s:17:\"^wp-sitemap\\.xsl$\";s:36:\"index.php?sitemap-stylesheet=sitemap\";s:23:\"^wp-sitemap-index\\.xsl$\";s:34:\"index.php?sitemap-stylesheet=index\";s:48:\"^wp-sitemap-([a-z]+?)-([a-z\\d_-]+?)-(\\d+?)\\.xml$\";s:75:\"index.php?sitemap=$matches[1]&sitemap-subtype=$matches[2]&paged=$matches[3]\";s:34:\"^wp-sitemap-([a-z]+?)-(\\d+?)\\.xml$\";s:47:\"index.php?sitemap=$matches[1]&paged=$matches[2]\";s:47:\"category/(.+?)/feed/(feed|rdf|rss|rss2|atom)/?$\";s:52:\"index.php?category_name=$matches[1]&feed=$matches[2]\";s:42:\"category/(.+?)/(feed|rdf|rss|rss2|atom)/?$\";s:52:\"index.php?category_name=$matches[1]&feed=$matches[2]\";s:23:\"category/(.+?)/embed/?$\";s:46:\"index.php?category_name=$matches[1]&embed=true\";s:35:\"category/(.+?)/page/?([0-9]{1,})/?$\";s:53:\"index.php?category_name=$matches[1]&paged=$matches[2]\";s:17:\"category/(.+?)/?$\";s:35:\"index.php?category_name=$matches[1]\";s:44:\"tag/([^/]+)/feed/(feed|rdf|rss|rss2|atom)/?$\";s:42:\"index.php?tag=$matches[1]&feed=$matches[2]\";s:39:\"tag/([^/]+)/(feed|rdf|rss|rss2|atom)/?$\";s:42:\"index.php?tag=$matches[1]&feed=$matches[2]\";s:20:\"tag/([^/]+)/embed/?$\";s:36:\"index.php?tag=$matches[1]&embed=true\";s:32:\"tag/([^/]+)/page/?([0-9]{1,})/?$\";s:43:\"index.php?tag=$matches[1]&paged=$matches[2]\";s:14:\"tag/([^/]+)/?$\";s:25:\"index.php?tag=$matches[1]\";s:45:\"type/([^/]+)/feed/(feed|rdf|rss|rss2|atom)/?$\";s:50:\"index.php?post_format=$matches[1]&feed=$matches[2]\";s:40:\"type/([^/]+)/(feed|rdf|rss|rss2|atom)/?$\";s:50:\"index.php?post_format=$matches[1]&feed=$matches[2]\";s:21:\"type/([^/]+)/embed/?$\";s:44:\"index.php?post_format=$matches[1]&embed=true\";s:33:\"type/([^/]+)/page/?([0-9]{1,})/?$\";s:51:\"index.php?post_format=$matches[1]&paged=$matches[2]\";s:15:\"type/([^/]+)/?$\";s:33:\"index.php?post_format=$matches[1]\";s:48:\".*wp-(atom|rdf|rss|rss2|feed|commentsrss2)\\.php$\";s:18:\"index.php?feed=old\";s:20:\".*wp-app\\.php(/.*)?$\";s:19:\"index.php?error=403\";s:18:\".*wp-register.php$\";s:23:\"index.php?register=true\";s:32:\"feed/(feed|rdf|rss|rss2|atom)/?$\";s:27:\"index.php?&feed=$matches[1]\";s:27:\"(feed|rdf|rss|rss2|atom)/?$\";s:27:\"index.php?&feed=$matches[1]\";s:8:\"embed/?$\";s:21:\"index.php?&embed=true\";s:20:\"page/?([0-9]{1,})/?$\";s:28:\"index.php?&paged=$matches[1]\";s:41:\"comments/feed/(feed|rdf|rss|rss2|atom)/?$\";s:42:\"index.php?&feed=$matches[1]&withcomments=1\";s:36:\"comments/(feed|rdf|rss|rss2|atom)/?$\";s:42:\"index.php?&feed=$matches[1]&withcomments=1\";s:17:\"comments/embed/?$\";s:21:\"index.php?&embed=true\";s:44:\"search/(.+)/feed/(feed|rdf|rss|rss2|atom)/?$\";s:40:\"index.php?s=$matches[1]&feed=$matches[2]\";s:39:\"search/(.+)/(feed|rdf|rss|rss2|atom)/?$\";s:40:\"index.php?s=$matches[1]&feed=$matches[2]\";s:20:\"search/(.+)/embed/?$\";s:34:\"index.php?s=$matches[1]&embed=true\";s:32:\"search/(.+)/page/?([0-9]{1,})/?$\";s:41:\"index.php?s=$matches[1]&paged=$matches[2]\";s:14:\"search/(.+)/?$\";s:23:\"index.php?s=$matches[1]\";s:47:\"author/([^/]+)/feed/(feed|rdf|rss|rss2|atom)/?$\";s:50:\"index.php?author_name=$matches[1]&feed=$matches[2]\";s:42:\"author/([^/]+)/(feed|rdf|rss|rss2|atom)/?$\";s:50:\"index.php?author_name=$matches[1]&feed=$matches[2]\";s:23:\"author/([^/]+)/embed/?$\";s:44:\"index.php?author_name=$matches[1]&embed=true\";s:35:\"author/([^/]+)/page/?([0-9]{1,})/?$\";s:51:\"index.php?author_name=$matches[1]&paged=$matches[2]\";s:17:\"author/([^/]+)/?$\";s:33:\"index.php?author_name=$matches[1]\";s:69:\"([0-9]{4})/([0-9]{1,2})/([0-9]{1,2})/feed/(feed|rdf|rss|rss2|atom)/?$\";s:80:\"index.php?year=$matches[1]&monthnum=$matches[2]&day=$matches[3]&feed=$matches[4]\";s:64:\"([0-9]{4})/([0-9]{1,2})/([0-9]{1,2})/(feed|rdf|rss|rss2|atom)/?$\";s:80:\"index.php?year=$matches[1]&monthnum=$matches[2]&day=$matches[3]&feed=$matches[4]\";s:45:\"([0-9]{4})/([0-9]{1,2})/([0-9]{1,2})/embed/?$\";s:74:\"index.php?year=$matches[1]&monthnum=$matches[2]&day=$matches[3]&embed=true\";s:57:\"([0-9]{4})/([0-9]{1,2})/([0-9]{1,2})/page/?([0-9]{1,})/?$\";s:81:\"index.php?year=$matches[1]&monthnum=$matches[2]&day=$matches[3]&paged=$matches[4]\";s:39:\"([0-9]{4})/([0-9]{1,2})/([0-9]{1,2})/?$\";s:63:\"index.php?year=$matches[1]&monthnum=$matches[2]&day=$matches[3]\";s:56:\"([0-9]{4})/([0-9]{1,2})/feed/(feed|rdf|rss|rss2|atom)/?$\";s:64:\"index.php?year=$matches[1]&monthnum=$matches[2]&feed=$matches[3]\";s:51:\"([0-9]{4})/([0-9]{1,2})/(feed|rdf|rss|rss2|atom)/?$\";s:64:\"index.php?year=$matches[1]&monthnum=$matches[2]&feed=$matches[3]\";s:32:\"([0-9]{4})/([0-9]{1,2})/embed/?$\";s:58:\"index.php?year=$matches[1]&monthnum=$matches[2]&embed=true\";s:44:\"([0-9]{4})/([0-9]{1,2})/page/?([0-9]{1,})/?$\";s:65:\"index.php?year=$matches[1]&monthnum=$matches[2]&paged=$matches[3]\";s:26:\"([0-9]{4})/([0-9]{1,2})/?$\";s:47:\"index.php?year=$matches[1]&monthnum=$matches[2]\";s:43:\"([0-9]{4})/feed/(feed|rdf|rss|rss2|atom)/?$\";s:43:\"index.php?year=$matches[1]&feed=$matches[2]\";s:38:\"([0-9]{4})/(feed|rdf|rss|rss2|atom)/?$\";s:43:\"index.php?year=$matches[1]&feed=$matches[2]\";s:19:\"([0-9]{4})/embed/?$\";s:37:\"index.php?year=$matches[1]&embed=true\";s:31:\"([0-9]{4})/page/?([0-9]{1,})/?$\";s:44:\"index.php?year=$matches[1]&paged=$matches[2]\";s:13:\"([0-9]{4})/?$\";s:26:\"index.php?year=$matches[1]\";s:58:\"[0-9]{4}/[0-9]{1,2}/[0-9]{1,2}/[^/]+/attachment/([^/]+)/?$\";s:32:\"index.php?attachment=$matches[1]\";s:68:\"[0-9]{4}/[0-9]{1,2}/[0-9]{1,2}/[^/]+/attachment/([^/]+)/trackback/?$\";s:37:\"index.php?attachment=$matches[1]&tb=1\";s:88:\"[0-9]{4}/[0-9]{1,2}/[0-9]{1,2}/[^/]+/attachment/([^/]+)/feed/(feed|rdf|rss|rss2|atom)/?$\";s:49:\"index.php?attachment=$matches[1]&feed=$matches[2]\";s:83:\"[0-9]{4}/[0-9]{1,2}/[0-9]{1,2}/[^/]+/attachment/([^/]+)/(feed|rdf|rss|rss2|atom)/?$\";s:49:\"index.php?attachment=$matches[1]&feed=$matches[2]\";s:83:\"[0-9]{4}/[0-9]{1,2}/[0-9]{1,2}/[^/]+/attachment/([^/]+)/comment-page-([0-9]{1,})/?$\";s:50:\"index.php?attachment=$matches[1]&cpage=$matches[2]\";s:64:\"[0-9]{4}/[0-9]{1,2}/[0-9]{1,2}/[^/]+/attachment/([^/]+)/embed/?$\";s:43:\"index.php?attachment=$matches[1]&embed=true\";s:53:\"([0-9]{4})/([0-9]{1,2})/([0-9]{1,2})/([^/]+)/embed/?$\";s:91:\"index.php?year=$matches[1]&monthnum=$matches[2]&day=$matches[3]&name=$matches[4]&embed=true\";s:57:\"([0-9]{4})/([0-9]{1,2})/([0-9]{1,2})/([^/]+)/trackback/?$\";s:85:\"index.php?year=$matches[1]&monthnum=$matches[2]&day=$matches[3]&name=$matches[4]&tb=1\";s:77:\"([0-9]{4})/([0-9]{1,2})/([0-9]{1,2})/([^/]+)/feed/(feed|rdf|rss|rss2|atom)/?$\";s:97:\"index.php?year=$matches[1]&monthnum=$matches[2]&day=$matches[3]&name=$matches[4]&feed=$matches[5]\";s:72:\"([0-9]{4})/([0-9]{1,2})/([0-9]{1,2})/([^/]+)/(feed|rdf|rss|rss2|atom)/?$\";s:97:\"index.php?year=$matches[1]&monthnum=$matches[2]&day=$matches[3]&name=$matches[4]&feed=$matches[5]\";s:65:\"([0-9]{4})/([0-9]{1,2})/([0-9]{1,2})/([^/]+)/page/?([0-9]{1,})/?$\";s:98:\"index.php?year=$matches[1]&monthnum=$matches[2]&day=$matches[3]&name=$matches[4]&paged=$matches[5]\";s:72:\"([0-9]{4})/([0-9]{1,2})/([0-9]{1,2})/([^/]+)/comment-page-([0-9]{1,})/?$\";s:98:\"index.php?year=$matches[1]&monthnum=$matches[2]&day=$matches[3]&name=$matches[4]&cpage=$matches[5]\";s:61:\"([0-9]{4})/([0-9]{1,2})/([0-9]{1,2})/([^/]+)(?:/([0-9]+))?/?$\";s:97:\"index.php?year=$matches[1]&monthnum=$matches[2]&day=$matches[3]&name=$matches[4]&page=$matches[5]\";s:47:\"[0-9]{4}/[0-9]{1,2}/[0-9]{1,2}/[^/]+/([^/]+)/?$\";s:32:\"index.php?attachment=$matches[1]\";s:57:\"[0-9]{4}/[0-9]{1,2}/[0-9]{1,2}/[^/]+/([^/]+)/trackback/?$\";s:37:\"index.php?attachment=$matches[1]&tb=1\";s:77:\"[0-9]{4}/[0-9]{1,2}/[0-9]{1,2}/[^/]+/([^/]+)/feed/(feed|rdf|rss|rss2|atom)/?$\";s:49:\"index.php?attachment=$matches[1]&feed=$matches[2]\";s:72:\"[0-9]{4}/[0-9]{1,2}/[0-9]{1,2}/[^/]+/([^/]+)/(feed|rdf|rss|rss2|atom)/?$\";s:49:\"index.php?attachment=$matches[1]&feed=$matches[2]\";s:72:\"[0-9]{4}/[0-9]{1,2}/[0-9]{1,2}/[^/]+/([^/]+)/comment-page-([0-9]{1,})/?$\";s:50:\"index.php?attachment=$matches[1]&cpage=$matches[2]\";s:53:\"[0-9]{4}/[0-9]{1,2}/[0-9]{1,2}/[^/]+/([^/]+)/embed/?$\";s:43:\"index.php?attachment=$matches[1]&embed=true\";s:64:\"([0-9]{4})/([0-9]{1,2})/([0-9]{1,2})/comment-page-([0-9]{1,})/?$\";s:81:\"index.php?year=$matches[1]&monthnum=$matches[2]&day=$matches[3]&cpage=$matches[4]\";s:51:\"([0-9]{4})/([0-9]{1,2})/comment-page-([0-9]{1,})/?$\";s:65:\"index.php?year=$matches[1]&monthnum=$matches[2]&cpage=$matches[3]\";s:38:\"([0-9]{4})/comment-page-([0-9]{1,})/?$\";s:44:\"index.php?year=$matches[1]&cpage=$matches[2]\";s:27:\".?.+?/attachment/([^/]+)/?$\";s:32:\"index.php?attachment=$matches[1]\";s:37:\".?.+?/attachment/([^/]+)/trackback/?$\";s:37:\"index.php?attachment=$matches[1]&tb=1\";s:57:\".?.+?/attachment/([^/]+)/feed/(feed|rdf|rss|rss2|atom)/?$\";s:49:\"index.php?attachment=$matches[1]&feed=$matches[2]\";s:52:\".?.+?/attachment/([^/]+)/(feed|rdf|rss|rss2|atom)/?$\";s:49:\"index.php?attachment=$matches[1]&feed=$matches[2]\";s:52:\".?.+?/attachment/([^/]+)/comment-page-([0-9]{1,})/?$\";s:50:\"index.php?attachment=$matches[1]&cpage=$matches[2]\";s:33:\".?.+?/attachment/([^/]+)/embed/?$\";s:43:\"index.php?attachment=$matches[1]&embed=true\";s:16:\"(.?.+?)/embed/?$\";s:41:\"index.php?pagename=$matches[1]&embed=true\";s:20:\"(.?.+?)/trackback/?$\";s:35:\"index.php?pagename=$matches[1]&tb=1\";s:40:\"(.?.+?)/feed/(feed|rdf|rss|rss2|atom)/?$\";s:47:\"index.php?pagename=$matches[1]&feed=$matches[2]\";s:35:\"(.?.+?)/(feed|rdf|rss|rss2|atom)/?$\";s:47:\"index.php?pagename=$matches[1]&feed=$matches[2]\";s:28:\"(.?.+?)/page/?([0-9]{1,})/?$\";s:48:\"index.php?pagename=$matches[1]&paged=$matches[2]\";s:35:\"(.?.+?)/comment-page-([0-9]{1,})/?$\";s:48:\"index.php?pagename=$matches[1]&cpage=$matches[2]\";s:24:\"(.?.+?)(?:/([0-9]+))?/?$\";s:47:\"index.php?pagename=$matches[1]&page=$matches[2]\";}', 'yes'),
(30, 'hack_file', '0', 'yes'),
(31, 'blog_charset', 'UTF-8', 'yes'),
(32, 'moderation_keys', '', 'no'),
(33, 'active_plugins', 'a:1:{i:0;s:31:\"elementor-pro/elementor-pro.php\";}', 'yes'),
(34, 'category_base', '', 'yes'),
(35, 'ping_sites', 'http://rpc.pingomatic.com/', 'yes'),
(36, 'comment_max_links', '2', 'yes'),
(37, 'gmt_offset', '0', 'yes'),
(38, 'default_email_category', '1', 'yes'),
(39, 'recently_edited', 'a:2:{i:0;s:60:\"C:\\wamp64\\www\\thucung/wp-content/plugins/akismet/akismet.php\";i:1;s:0:\"\";}', 'no'),
(40, 'template', 'ThuCung', 'yes'),
(41, 'stylesheet', 'ThuCung', 'yes'),
(42, 'comment_registration', '0', 'yes'),
(43, 'html_type', 'text/html', 'yes'),
(44, 'use_trackback', '0', 'yes'),
(45, 'default_role', 'subscriber', 'yes'),
(46, 'db_version', '48748', 'yes'),
(47, 'uploads_use_yearmonth_folders', '1', 'yes'),
(48, 'upload_path', '', 'yes'),
(49, 'blog_public', '1', 'yes'),
(50, 'default_link_category', '2', 'yes'),
(51, 'show_on_front', 'posts', 'yes'),
(52, 'tag_base', '', 'yes'),
(53, 'show_avatars', '1', 'yes'),
(54, 'avatar_rating', 'G', 'yes'),
(55, 'upload_url_path', '', 'yes'),
(56, 'thumbnail_size_w', '150', 'yes'),
(57, 'thumbnail_size_h', '150', 'yes'),
(58, 'thumbnail_crop', '1', 'yes'),
(59, 'medium_size_w', '300', 'yes'),
(60, 'medium_size_h', '300', 'yes'),
(61, 'avatar_default', 'mystery', 'yes'),
(62, 'large_size_w', '1024', 'yes'),
(63, 'large_size_h', '1024', 'yes'),
(64, 'image_default_link_type', 'none', 'yes'),
(65, 'image_default_size', '', 'yes'),
(66, 'image_default_align', '', 'yes'),
(67, 'close_comments_for_old_posts', '0', 'yes'),
(68, 'close_comments_days_old', '14', 'yes'),
(69, 'thread_comments', '1', 'yes'),
(70, 'thread_comments_depth', '5', 'yes'),
(71, 'page_comments', '0', 'yes'),
(72, 'comments_per_page', '50', 'yes'),
(73, 'default_comments_page', 'newest', 'yes'),
(74, 'comment_order', 'asc', 'yes'),
(75, 'sticky_posts', 'a:0:{}', 'yes'),
(76, 'widget_categories', 'a:2:{i:2;a:4:{s:5:\"title\";s:0:\"\";s:5:\"count\";i:0;s:12:\"hierarchical\";i:0;s:8:\"dropdown\";i:0;}s:12:\"_multiwidget\";i:1;}', 'yes'),
(77, 'widget_text', 'a:3:{i:2;a:4:{s:5:\"title\";s:15:\"About This Site\";s:4:\"text\";s:85:\"This may be a good place to introduce yourself and your site or include some credits.\";s:6:\"filter\";b:1;s:6:\"visual\";b:1;}i:3;a:4:{s:5:\"title\";s:7:\"Find Us\";s:4:\"text\";s:168:\"<strong>Address</strong>\n123 Main Street\nNew York, NY 10001\n\n<strong>Hours</strong>\nMonday&ndash;Friday: 9:00AM&ndash;5:00PM\nSaturday &amp; Sunday: 11:00AM&ndash;3:00PM\";s:6:\"filter\";b:1;s:6:\"visual\";b:1;}s:12:\"_multiwidget\";i:1;}', 'yes'),
(78, 'widget_rss', 'a:2:{i:1;a:0:{}s:12:\"_multiwidget\";i:1;}', 'yes'),
(79, 'uninstall_plugins', 'a:0:{}', 'no'),
(80, 'timezone_string', '', 'yes'),
(81, 'page_for_posts', '0', 'yes'),
(82, 'page_on_front', '0', 'yes'),
(83, 'default_post_format', '0', 'yes'),
(84, 'link_manager_enabled', '0', 'yes'),
(85, 'finished_splitting_shared_terms', '1', 'yes'),
(86, 'site_icon', '0', 'yes'),
(87, 'medium_large_size_w', '768', 'yes'),
(88, 'medium_large_size_h', '0', 'yes'),
(89, 'wp_page_for_privacy_policy', '3', 'yes'),
(90, 'show_comments_cookies_opt_in', '1', 'yes'),
(91, 'admin_email_lifespan', '1620547067', 'yes'),
(92, 'disallowed_keys', '', 'no'),
(93, 'comment_previously_approved', '1', 'yes'),
(94, 'auto_plugin_theme_update_emails', 'a:0:{}', 'no'),
(95, 'initial_db_version', '48748', 'yes'),
(96, 'wp_thucunguser_roles', 'a:5:{s:13:\"administrator\";a:2:{s:4:\"name\";s:13:\"Administrator\";s:12:\"capabilities\";a:61:{s:13:\"switch_themes\";b:1;s:11:\"edit_themes\";b:1;s:16:\"activate_plugins\";b:1;s:12:\"edit_plugins\";b:1;s:10:\"edit_users\";b:1;s:10:\"edit_files\";b:1;s:14:\"manage_options\";b:1;s:17:\"moderate_comments\";b:1;s:17:\"manage_categories\";b:1;s:12:\"manage_links\";b:1;s:12:\"upload_files\";b:1;s:6:\"import\";b:1;s:15:\"unfiltered_html\";b:1;s:10:\"edit_posts\";b:1;s:17:\"edit_others_posts\";b:1;s:20:\"edit_published_posts\";b:1;s:13:\"publish_posts\";b:1;s:10:\"edit_pages\";b:1;s:4:\"read\";b:1;s:8:\"level_10\";b:1;s:7:\"level_9\";b:1;s:7:\"level_8\";b:1;s:7:\"level_7\";b:1;s:7:\"level_6\";b:1;s:7:\"level_5\";b:1;s:7:\"level_4\";b:1;s:7:\"level_3\";b:1;s:7:\"level_2\";b:1;s:7:\"level_1\";b:1;s:7:\"level_0\";b:1;s:17:\"edit_others_pages\";b:1;s:20:\"edit_published_pages\";b:1;s:13:\"publish_pages\";b:1;s:12:\"delete_pages\";b:1;s:19:\"delete_others_pages\";b:1;s:22:\"delete_published_pages\";b:1;s:12:\"delete_posts\";b:1;s:19:\"delete_others_posts\";b:1;s:22:\"delete_published_posts\";b:1;s:20:\"delete_private_posts\";b:1;s:18:\"edit_private_posts\";b:1;s:18:\"read_private_posts\";b:1;s:20:\"delete_private_pages\";b:1;s:18:\"edit_private_pages\";b:1;s:18:\"read_private_pages\";b:1;s:12:\"delete_users\";b:1;s:12:\"create_users\";b:1;s:17:\"unfiltered_upload\";b:1;s:14:\"edit_dashboard\";b:1;s:14:\"update_plugins\";b:1;s:14:\"delete_plugins\";b:1;s:15:\"install_plugins\";b:1;s:13:\"update_themes\";b:1;s:14:\"install_themes\";b:1;s:11:\"update_core\";b:1;s:10:\"list_users\";b:1;s:12:\"remove_users\";b:1;s:13:\"promote_users\";b:1;s:18:\"edit_theme_options\";b:1;s:13:\"delete_themes\";b:1;s:6:\"export\";b:1;}}s:6:\"editor\";a:2:{s:4:\"name\";s:6:\"Editor\";s:12:\"capabilities\";a:34:{s:17:\"moderate_comments\";b:1;s:17:\"manage_categories\";b:1;s:12:\"manage_links\";b:1;s:12:\"upload_files\";b:1;s:15:\"unfiltered_html\";b:1;s:10:\"edit_posts\";b:1;s:17:\"edit_others_posts\";b:1;s:20:\"edit_published_posts\";b:1;s:13:\"publish_posts\";b:1;s:10:\"edit_pages\";b:1;s:4:\"read\";b:1;s:7:\"level_7\";b:1;s:7:\"level_6\";b:1;s:7:\"level_5\";b:1;s:7:\"level_4\";b:1;s:7:\"level_3\";b:1;s:7:\"level_2\";b:1;s:7:\"level_1\";b:1;s:7:\"level_0\";b:1;s:17:\"edit_others_pages\";b:1;s:20:\"edit_published_pages\";b:1;s:13:\"publish_pages\";b:1;s:12:\"delete_pages\";b:1;s:19:\"delete_others_pages\";b:1;s:22:\"delete_published_pages\";b:1;s:12:\"delete_posts\";b:1;s:19:\"delete_others_posts\";b:1;s:22:\"delete_published_posts\";b:1;s:20:\"delete_private_posts\";b:1;s:18:\"edit_private_posts\";b:1;s:18:\"read_private_posts\";b:1;s:20:\"delete_private_pages\";b:1;s:18:\"edit_private_pages\";b:1;s:18:\"read_private_pages\";b:1;}}s:6:\"author\";a:2:{s:4:\"name\";s:6:\"Author\";s:12:\"capabilities\";a:10:{s:12:\"upload_files\";b:1;s:10:\"edit_posts\";b:1;s:20:\"edit_published_posts\";b:1;s:13:\"publish_posts\";b:1;s:4:\"read\";b:1;s:7:\"level_2\";b:1;s:7:\"level_1\";b:1;s:7:\"level_0\";b:1;s:12:\"delete_posts\";b:1;s:22:\"delete_published_posts\";b:1;}}s:11:\"contributor\";a:2:{s:4:\"name\";s:11:\"Contributor\";s:12:\"capabilities\";a:5:{s:10:\"edit_posts\";b:1;s:4:\"read\";b:1;s:7:\"level_1\";b:1;s:7:\"level_0\";b:1;s:12:\"delete_posts\";b:1;}}s:10:\"subscriber\";a:2:{s:4:\"name\";s:10:\"Subscriber\";s:12:\"capabilities\";a:2:{s:4:\"read\";b:1;s:7:\"level_0\";b:1;}}}', 'yes'),
(97, 'fresh_site', '1', 'yes'),
(98, 'widget_search', 'a:2:{i:2;a:1:{s:5:\"title\";s:0:\"\";}s:12:\"_multiwidget\";i:1;}', 'yes'),
(99, 'widget_recent-posts', 'a:2:{i:2;a:2:{s:5:\"title\";s:0:\"\";s:6:\"number\";i:5;}s:12:\"_multiwidget\";i:1;}', 'yes'),
(100, 'widget_recent-comments', 'a:2:{i:2;a:2:{s:5:\"title\";s:0:\"\";s:6:\"number\";i:5;}s:12:\"_multiwidget\";i:1;}', 'yes'),
(101, 'widget_archives', 'a:2:{i:2;a:3:{s:5:\"title\";s:0:\"\";s:5:\"count\";i:0;s:8:\"dropdown\";i:0;}s:12:\"_multiwidget\";i:1;}', 'yes'),
(102, 'widget_meta', 'a:2:{i:2;a:1:{s:5:\"title\";s:0:\"\";}s:12:\"_multiwidget\";i:1;}', 'yes'),
(103, 'sidebars_widgets', 'a:2:{s:19:\"wp_inactive_widgets\";a:8:{i:0;s:6:\"text-2\";i:1;s:6:\"text-3\";i:2;s:8:\"search-2\";i:3;s:14:\"recent-posts-2\";i:4;s:17:\"recent-comments-2\";i:5;s:10:\"archives-2\";i:6;s:12:\"categories-2\";i:7;s:6:\"meta-2\";}s:13:\"array_version\";i:3;}', 'yes'),
(104, 'cron', 'a:6:{i:1605337068;a:1:{s:34:\"wp_privacy_delete_old_export_files\";a:1:{s:32:\"40cd750bba9870f18aada2478b24840a\";a:3:{s:8:\"schedule\";s:6:\"hourly\";s:4:\"args\";a:0:{}s:8:\"interval\";i:3600;}}}i:1605340668;a:4:{s:32:\"recovery_mode_clean_expired_keys\";a:1:{s:32:\"40cd750bba9870f18aada2478b24840a\";a:3:{s:8:\"schedule\";s:5:\"daily\";s:4:\"args\";a:0:{}s:8:\"interval\";i:86400;}}s:16:\"wp_version_check\";a:1:{s:32:\"40cd750bba9870f18aada2478b24840a\";a:3:{s:8:\"schedule\";s:10:\"twicedaily\";s:4:\"args\";a:0:{}s:8:\"interval\";i:43200;}}s:17:\"wp_update_plugins\";a:1:{s:32:\"40cd750bba9870f18aada2478b24840a\";a:3:{s:8:\"schedule\";s:10:\"twicedaily\";s:4:\"args\";a:0:{}s:8:\"interval\";i:43200;}}s:16:\"wp_update_themes\";a:1:{s:32:\"40cd750bba9870f18aada2478b24840a\";a:3:{s:8:\"schedule\";s:10:\"twicedaily\";s:4:\"args\";a:0:{}s:8:\"interval\";i:43200;}}}i:1605340676;a:2:{s:19:\"wp_scheduled_delete\";a:1:{s:32:\"40cd750bba9870f18aada2478b24840a\";a:3:{s:8:\"schedule\";s:5:\"daily\";s:4:\"args\";a:0:{}s:8:\"interval\";i:86400;}}s:25:\"delete_expired_transients\";a:1:{s:32:\"40cd750bba9870f18aada2478b24840a\";a:3:{s:8:\"schedule\";s:5:\"daily\";s:4:\"args\";a:0:{}s:8:\"interval\";i:86400;}}}i:1605340677;a:1:{s:30:\"wp_scheduled_auto_draft_delete\";a:1:{s:32:\"40cd750bba9870f18aada2478b24840a\";a:3:{s:8:\"schedule\";s:5:\"daily\";s:4:\"args\";a:0:{}s:8:\"interval\";i:86400;}}}i:1605686268;a:1:{s:30:\"wp_site_health_scheduled_check\";a:1:{s:32:\"40cd750bba9870f18aada2478b24840a\";a:3:{s:8:\"schedule\";s:6:\"weekly\";s:4:\"args\";a:0:{}s:8:\"interval\";i:604800;}}}s:7:\"version\";i:2;}', 'yes'),
(105, 'widget_pages', 'a:1:{s:12:\"_multiwidget\";i:1;}', 'yes'),
(106, 'widget_calendar', 'a:1:{s:12:\"_multiwidget\";i:1;}', 'yes'),
(107, 'widget_media_audio', 'a:1:{s:12:\"_multiwidget\";i:1;}', 'yes'),
(108, 'widget_media_image', 'a:1:{s:12:\"_multiwidget\";i:1;}', 'yes'),
(109, 'widget_media_gallery', 'a:1:{s:12:\"_multiwidget\";i:1;}', 'yes'),
(110, 'widget_media_video', 'a:1:{s:12:\"_multiwidget\";i:1;}', 'yes'),
(111, 'widget_tag_cloud', 'a:1:{s:12:\"_multiwidget\";i:1;}', 'yes'),
(112, 'widget_nav_menu', 'a:1:{s:12:\"_multiwidget\";i:1;}', 'yes'),
(113, 'widget_custom_html', 'a:1:{s:12:\"_multiwidget\";i:1;}', 'yes'),
(115, 'recovery_keys', 'a:0:{}', 'yes'),
(116, '_site_transient_update_core', 'O:8:\"stdClass\":4:{s:7:\"updates\";a:1:{i:0;O:8:\"stdClass\":10:{s:8:\"response\";s:6:\"latest\";s:8:\"download\";s:59:\"https://downloads.wordpress.org/release/wordpress-5.5.3.zip\";s:6:\"locale\";s:5:\"en_US\";s:8:\"packages\";O:8:\"stdClass\":5:{s:4:\"full\";s:59:\"https://downloads.wordpress.org/release/wordpress-5.5.3.zip\";s:10:\"no_content\";s:70:\"https://downloads.wordpress.org/release/wordpress-5.5.3-no-content.zip\";s:11:\"new_bundled\";s:71:\"https://downloads.wordpress.org/release/wordpress-5.5.3-new-bundled.zip\";s:7:\"partial\";s:0:\"\";s:8:\"rollback\";s:0:\"\";}s:7:\"current\";s:5:\"5.5.3\";s:7:\"version\";s:5:\"5.5.3\";s:11:\"php_version\";s:6:\"5.6.20\";s:13:\"mysql_version\";s:3:\"5.0\";s:11:\"new_bundled\";s:3:\"5.3\";s:15:\"partial_version\";s:0:\"\";}}s:12:\"last_checked\";i:1605332998;s:15:\"version_checked\";s:5:\"5.5.3\";s:12:\"translations\";a:0:{}}', 'no'),
(119, 'theme_mods_twentytwenty', 'a:2:{s:18:\"custom_css_post_id\";i:-1;s:16:\"sidebars_widgets\";a:2:{s:4:\"time\";i:1605004658;s:4:\"data\";a:3:{s:19:\"wp_inactive_widgets\";a:0:{}s:9:\"sidebar-1\";a:3:{i:0;s:8:\"search-2\";i:1;s:14:\"recent-posts-2\";i:2;s:17:\"recent-comments-2\";}s:9:\"sidebar-2\";a:3:{i:0;s:10:\"archives-2\";i:1;s:12:\"categories-2\";i:2;s:6:\"meta-2\";}}}}', 'yes'),
(179, '_site_transient_timeout_theme_roots', '1605334794', 'no'),
(180, '_site_transient_theme_roots', 'a:4:{s:7:\"ThuCung\";s:7:\"/themes\";s:14:\"twentynineteen\";s:7:\"/themes\";s:15:\"twentyseventeen\";s:7:\"/themes\";s:12:\"twentytwenty\";s:7:\"/themes\";}', 'no'),
(122, '_site_transient_update_themes', 'O:8:\"stdClass\":5:{s:12:\"last_checked\";i:1605332998;s:7:\"checked\";a:4:{s:7:\"ThuCung\";s:0:\"\";s:14:\"twentynineteen\";s:3:\"1.7\";s:15:\"twentyseventeen\";s:3:\"2.4\";s:12:\"twentytwenty\";s:3:\"1.5\";}s:8:\"response\";a:0:{}s:9:\"no_update\";a:3:{s:14:\"twentynineteen\";a:6:{s:5:\"theme\";s:14:\"twentynineteen\";s:11:\"new_version\";s:3:\"1.7\";s:3:\"url\";s:44:\"https://wordpress.org/themes/twentynineteen/\";s:7:\"package\";s:60:\"https://downloads.wordpress.org/theme/twentynineteen.1.7.zip\";s:8:\"requires\";s:5:\"4.9.6\";s:12:\"requires_php\";s:5:\"5.2.4\";}s:15:\"twentyseventeen\";a:6:{s:5:\"theme\";s:15:\"twentyseventeen\";s:11:\"new_version\";s:3:\"2.4\";s:3:\"url\";s:45:\"https://wordpress.org/themes/twentyseventeen/\";s:7:\"package\";s:61:\"https://downloads.wordpress.org/theme/twentyseventeen.2.4.zip\";s:8:\"requires\";s:3:\"4.7\";s:12:\"requires_php\";s:5:\"5.2.4\";}s:12:\"twentytwenty\";a:6:{s:5:\"theme\";s:12:\"twentytwenty\";s:11:\"new_version\";s:3:\"1.5\";s:3:\"url\";s:42:\"https://wordpress.org/themes/twentytwenty/\";s:7:\"package\";s:58:\"https://downloads.wordpress.org/theme/twentytwenty.1.5.zip\";s:8:\"requires\";s:3:\"4.7\";s:12:\"requires_php\";s:5:\"5.2.4\";}}s:12:\"translations\";a:0:{}}', 'no'),
(163, 'recently_activated', 'a:0:{}', 'yes'),
(123, '_site_transient_timeout_browser_46abf0d68e56d79f1380ffaab81adce5', '1605599876', 'no'),
(124, '_site_transient_browser_46abf0d68e56d79f1380ffaab81adce5', 'a:10:{s:4:\"name\";s:6:\"Chrome\";s:7:\"version\";s:13:\"86.0.4240.183\";s:8:\"platform\";s:7:\"Windows\";s:10:\"update_url\";s:29:\"https://www.google.com/chrome\";s:7:\"img_src\";s:43:\"http://s.w.org/images/browsers/chrome.png?1\";s:11:\"img_src_ssl\";s:44:\"https://s.w.org/images/browsers/chrome.png?1\";s:15:\"current_version\";s:2:\"18\";s:7:\"upgrade\";b:0;s:8:\"insecure\";b:0;s:6:\"mobile\";b:0;}', 'no'),
(125, '_site_transient_timeout_php_check_7772753a7ea0fe5c6dd1e8406c9ba6ba', '1605599877', 'no'),
(126, '_site_transient_php_check_7772753a7ea0fe5c6dd1e8406c9ba6ba', 'a:5:{s:19:\"recommended_version\";s:3:\"7.4\";s:15:\"minimum_version\";s:6:\"5.6.20\";s:12:\"is_supported\";b:1;s:9:\"is_secure\";b:1;s:13:\"is_acceptable\";b:1;}', 'no'),
(143, 'finished_updating_comment_type', '1', 'yes'),
(128, 'can_compress_scripts', '1', 'no'),
(171, 'elementor_pro_license_key', 'activated', 'yes'),
(172, '_transient_elementor_pro_license_data', 'a:2:{s:7:\"license\";s:5:\"valid\";s:7:\"expires\";s:10:\"01.01.2030\";}', 'yes'),
(173, '_transient_timeout_elementor_pro_license_data', '1893456000', 'yes'),
(176, '_site_transient_update_plugins', 'O:8:\"stdClass\":4:{s:12:\"last_checked\";i:1605332998;s:8:\"response\";a:0:{}s:12:\"translations\";a:0:{}s:9:\"no_update\";a:2:{s:19:\"akismet/akismet.php\";O:8:\"stdClass\":9:{s:2:\"id\";s:21:\"w.org/plugins/akismet\";s:4:\"slug\";s:7:\"akismet\";s:6:\"plugin\";s:19:\"akismet/akismet.php\";s:11:\"new_version\";s:5:\"4.1.7\";s:3:\"url\";s:38:\"https://wordpress.org/plugins/akismet/\";s:7:\"package\";s:55:\"http://downloads.wordpress.org/plugin/akismet.4.1.7.zip\";s:5:\"icons\";a:2:{s:2:\"2x\";s:59:\"https://ps.w.org/akismet/assets/icon-256x256.png?rev=969272\";s:2:\"1x\";s:59:\"https://ps.w.org/akismet/assets/icon-128x128.png?rev=969272\";}s:7:\"banners\";a:1:{s:2:\"1x\";s:61:\"https://ps.w.org/akismet/assets/banner-772x250.jpg?rev=479904\";}s:11:\"banners_rtl\";a:0:{}}s:9:\"hello.php\";O:8:\"stdClass\":9:{s:2:\"id\";s:25:\"w.org/plugins/hello-dolly\";s:4:\"slug\";s:11:\"hello-dolly\";s:6:\"plugin\";s:9:\"hello.php\";s:11:\"new_version\";s:5:\"1.7.2\";s:3:\"url\";s:42:\"https://wordpress.org/plugins/hello-dolly/\";s:7:\"package\";s:59:\"http://downloads.wordpress.org/plugin/hello-dolly.1.7.2.zip\";s:5:\"icons\";a:2:{s:2:\"2x\";s:64:\"https://ps.w.org/hello-dolly/assets/icon-256x256.jpg?rev=2052855\";s:2:\"1x\";s:64:\"https://ps.w.org/hello-dolly/assets/icon-128x128.jpg?rev=2052855\";}s:7:\"banners\";a:1:{s:2:\"1x\";s:66:\"https://ps.w.org/hello-dolly/assets/banner-772x250.jpg?rev=2052855\";}s:11:\"banners_rtl\";a:0:{}}}}', 'no'),
(181, '_transient_health-check-site-status-result', '{\"good\":11,\"recommended\":9,\"critical\":0}', 'yes'),
(150, 'current_theme', '', 'yes'),
(151, 'theme_mods_ThuCung', 'a:3:{i:0;b:0;s:18:\"nav_menu_locations\";a:0:{}s:18:\"custom_css_post_id\";i:-1;}', 'yes'),
(152, 'theme_switched', '', 'yes');

-- --------------------------------------------------------

--
-- Cấu trúc bảng cho bảng `wp_thucungpostmeta`
--

DROP TABLE IF EXISTS `wp_thucungpostmeta`;
CREATE TABLE IF NOT EXISTS `wp_thucungpostmeta` (
  `meta_id` bigint(20) UNSIGNED NOT NULL AUTO_INCREMENT,
  `post_id` bigint(20) UNSIGNED NOT NULL DEFAULT '0',
  `meta_key` varchar(255) COLLATE utf8mb4_unicode_520_ci DEFAULT NULL,
  `meta_value` longtext COLLATE utf8mb4_unicode_520_ci,
  PRIMARY KEY (`meta_id`),
  KEY `post_id` (`post_id`),
  KEY `meta_key` (`meta_key`(191))
) ENGINE=MyISAM AUTO_INCREMENT=35 DEFAULT CHARSET=utf8mb4 COLLATE=utf8mb4_unicode_520_ci;

--
-- Đang đổ dữ liệu cho bảng `wp_thucungpostmeta`
--

INSERT INTO `wp_thucungpostmeta` (`meta_id`, `post_id`, `meta_key`, `meta_value`) VALUES
(1, 2, '_wp_page_template', 'default'),
(2, 3, '_wp_page_template', 'default'),
(3, 5, '_wp_attached_file', '2020/11/2020-landscape-1.png'),
(4, 5, '_wp_attachment_metadata', 'a:5:{s:5:\"width\";i:1200;s:6:\"height\";i:769;s:4:\"file\";s:28:\"2020/11/2020-landscape-1.png\";s:5:\"sizes\";a:4:{s:6:\"medium\";a:4:{s:4:\"file\";s:28:\"2020-landscape-1-300x192.png\";s:5:\"width\";i:300;s:6:\"height\";i:192;s:9:\"mime-type\";s:9:\"image/png\";}s:5:\"large\";a:4:{s:4:\"file\";s:29:\"2020-landscape-1-1024x656.png\";s:5:\"width\";i:1024;s:6:\"height\";i:656;s:9:\"mime-type\";s:9:\"image/png\";}s:9:\"thumbnail\";a:4:{s:4:\"file\";s:28:\"2020-landscape-1-150x150.png\";s:5:\"width\";i:150;s:6:\"height\";i:150;s:9:\"mime-type\";s:9:\"image/png\";}s:12:\"medium_large\";a:4:{s:4:\"file\";s:28:\"2020-landscape-1-768x492.png\";s:5:\"width\";i:768;s:6:\"height\";i:492;s:9:\"mime-type\";s:9:\"image/png\";}}s:10:\"image_meta\";a:12:{s:8:\"aperture\";s:1:\"0\";s:6:\"credit\";s:0:\"\";s:6:\"camera\";s:0:\"\";s:7:\"caption\";s:0:\"\";s:17:\"created_timestamp\";s:1:\"0\";s:9:\"copyright\";s:0:\"\";s:12:\"focal_length\";s:1:\"0\";s:3:\"iso\";s:1:\"0\";s:13:\"shutter_speed\";s:1:\"0\";s:5:\"title\";s:0:\"\";s:11:\"orientation\";s:1:\"0\";s:8:\"keywords\";a:0:{}}}'),
(5, 5, '_starter_content_theme', 'twentytwenty'),
(6, 5, '_customize_draft_post_name', 'the-new-umoma-opens-its-doors'),
(7, 6, '_thumbnail_id', '5'),
(8, 6, '_customize_draft_post_name', 'the-new-umoma-opens-its-doors'),
(9, 6, '_customize_changeset_uuid', '35bfc780-8970-4150-843d-05d5dd47a74c'),
(10, 7, '_customize_draft_post_name', 'about'),
(11, 7, '_customize_changeset_uuid', '35bfc780-8970-4150-843d-05d5dd47a74c'),
(12, 8, '_customize_draft_post_name', 'contact'),
(13, 8, '_customize_changeset_uuid', '35bfc780-8970-4150-843d-05d5dd47a74c'),
(14, 9, '_customize_draft_post_name', 'blog'),
(15, 9, '_customize_changeset_uuid', '35bfc780-8970-4150-843d-05d5dd47a74c'),
(16, 11, '_wp_attached_file', '2020/11/2020-landscape-1-1.png'),
(17, 11, '_wp_attachment_metadata', 'a:5:{s:5:\"width\";i:1200;s:6:\"height\";i:769;s:4:\"file\";s:30:\"2020/11/2020-landscape-1-1.png\";s:5:\"sizes\";a:4:{s:6:\"medium\";a:4:{s:4:\"file\";s:30:\"2020-landscape-1-1-300x192.png\";s:5:\"width\";i:300;s:6:\"height\";i:192;s:9:\"mime-type\";s:9:\"image/png\";}s:5:\"large\";a:4:{s:4:\"file\";s:31:\"2020-landscape-1-1-1024x656.png\";s:5:\"width\";i:1024;s:6:\"height\";i:656;s:9:\"mime-type\";s:9:\"image/png\";}s:9:\"thumbnail\";a:4:{s:4:\"file\";s:30:\"2020-landscape-1-1-150x150.png\";s:5:\"width\";i:150;s:6:\"height\";i:150;s:9:\"mime-type\";s:9:\"image/png\";}s:12:\"medium_large\";a:4:{s:4:\"file\";s:30:\"2020-landscape-1-1-768x492.png\";s:5:\"width\";i:768;s:6:\"height\";i:492;s:9:\"mime-type\";s:9:\"image/png\";}}s:10:\"image_meta\";a:12:{s:8:\"aperture\";s:1:\"0\";s:6:\"credit\";s:0:\"\";s:6:\"camera\";s:0:\"\";s:7:\"caption\";s:0:\"\";s:17:\"created_timestamp\";s:1:\"0\";s:9:\"copyright\";s:0:\"\";s:12:\"focal_length\";s:1:\"0\";s:3:\"iso\";s:1:\"0\";s:13:\"shutter_speed\";s:1:\"0\";s:5:\"title\";s:0:\"\";s:11:\"orientation\";s:1:\"0\";s:8:\"keywords\";a:0:{}}}'),
(18, 11, '_starter_content_theme', 'twentytwenty'),
(19, 11, '_customize_draft_post_name', 'the-new-umoma-opens-its-doors'),
(20, 12, '_thumbnail_id', '11'),
(21, 12, '_customize_draft_post_name', 'the-new-umoma-opens-its-doors'),
(22, 12, '_customize_changeset_uuid', '5b85e38d-980c-4915-91a0-190cf51b4663'),
(23, 13, '_customize_draft_post_name', 'about'),
(24, 13, '_customize_changeset_uuid', '5b85e38d-980c-4915-91a0-190cf51b4663'),
(25, 14, '_customize_draft_post_name', 'contact'),
(26, 14, '_customize_changeset_uuid', '5b85e38d-980c-4915-91a0-190cf51b4663'),
(27, 15, '_customize_draft_post_name', 'blog'),
(28, 15, '_customize_changeset_uuid', '5b85e38d-980c-4915-91a0-190cf51b4663'),
(29, 10, '_customize_restore_dismissed', '1'),
(30, 16, '_customize_restore_dismissed', '1');

-- --------------------------------------------------------

--
-- Cấu trúc bảng cho bảng `wp_thucungposts`
--

DROP TABLE IF EXISTS `wp_thucungposts`;
CREATE TABLE IF NOT EXISTS `wp_thucungposts` (
  `ID` bigint(20) UNSIGNED NOT NULL AUTO_INCREMENT,
  `post_author` bigint(20) UNSIGNED NOT NULL DEFAULT '0',
  `post_date` datetime NOT NULL DEFAULT '0000-00-00 00:00:00',
  `post_date_gmt` datetime NOT NULL DEFAULT '0000-00-00 00:00:00',
  `post_content` longtext COLLATE utf8mb4_unicode_520_ci NOT NULL,
  `post_title` text COLLATE utf8mb4_unicode_520_ci NOT NULL,
  `post_excerpt` text COLLATE utf8mb4_unicode_520_ci NOT NULL,
  `post_status` varchar(20) COLLATE utf8mb4_unicode_520_ci NOT NULL DEFAULT 'publish',
  `comment_status` varchar(20) COLLATE utf8mb4_unicode_520_ci NOT NULL DEFAULT 'open',
  `ping_status` varchar(20) COLLATE utf8mb4_unicode_520_ci NOT NULL DEFAULT 'open',
  `post_password` varchar(255) COLLATE utf8mb4_unicode_520_ci NOT NULL DEFAULT '',
  `post_name` varchar(200) COLLATE utf8mb4_unicode_520_ci NOT NULL DEFAULT '',
  `to_ping` text COLLATE utf8mb4_unicode_520_ci NOT NULL,
  `pinged` text COLLATE utf8mb4_unicode_520_ci NOT NULL,
  `post_modified` datetime NOT NULL DEFAULT '0000-00-00 00:00:00',
  `post_modified_gmt` datetime NOT NULL DEFAULT '0000-00-00 00:00:00',
  `post_content_filtered` longtext COLLATE utf8mb4_unicode_520_ci NOT NULL,
  `post_parent` bigint(20) UNSIGNED NOT NULL DEFAULT '0',
  `guid` varchar(255) COLLATE utf8mb4_unicode_520_ci NOT NULL DEFAULT '',
  `menu_order` int(11) NOT NULL DEFAULT '0',
  `post_type` varchar(20) COLLATE utf8mb4_unicode_520_ci NOT NULL DEFAULT 'post',
  `post_mime_type` varchar(100) COLLATE utf8mb4_unicode_520_ci NOT NULL DEFAULT '',
  `comment_count` bigint(20) NOT NULL DEFAULT '0',
  PRIMARY KEY (`ID`),
  KEY `post_name` (`post_name`(191)),
  KEY `type_status_date` (`post_type`,`post_status`,`post_date`,`ID`),
  KEY `post_parent` (`post_parent`),
  KEY `post_author` (`post_author`)
) ENGINE=MyISAM AUTO_INCREMENT=19 DEFAULT CHARSET=utf8mb4 COLLATE=utf8mb4_unicode_520_ci;

--
-- Đang đổ dữ liệu cho bảng `wp_thucungposts`
--

INSERT INTO `wp_thucungposts` (`ID`, `post_author`, `post_date`, `post_date_gmt`, `post_content`, `post_title`, `post_excerpt`, `post_status`, `comment_status`, `ping_status`, `post_password`, `post_name`, `to_ping`, `pinged`, `post_modified`, `post_modified_gmt`, `post_content_filtered`, `post_parent`, `guid`, `menu_order`, `post_type`, `post_mime_type`, `comment_count`) VALUES
(1, 1, '2020-11-10 07:57:48', '2020-11-10 07:57:48', '<!-- wp:paragraph -->\n<p>Welcome to WordPress. This is your first post. Edit or delete it, then start writing!</p>\n<!-- /wp:paragraph -->', 'Hello world!', '', 'publish', 'open', 'open', '', 'hello-world', '', '', '2020-11-10 07:57:48', '2020-11-10 07:57:48', '', 0, 'http://localhost/thucung/?p=1', 0, 'post', '', 1),
(2, 1, '2020-11-10 07:57:48', '2020-11-10 07:57:48', '<!-- wp:paragraph -->\n<p>This is an example page. It\'s different from a blog post because it will stay in one place and will show up in your site navigation (in most themes). Most people start with an About page that introduces them to potential site visitors. It might say something like this:</p>\n<!-- /wp:paragraph -->\n\n<!-- wp:quote -->\n<blockquote class=\"wp-block-quote\"><p>Hi there! I\'m a bike messenger by day, aspiring actor by night, and this is my website. I live in Los Angeles, have a great dog named Jack, and I like pi&#241;a coladas. (And gettin\' caught in the rain.)</p></blockquote>\n<!-- /wp:quote -->\n\n<!-- wp:paragraph -->\n<p>...or something like this:</p>\n<!-- /wp:paragraph -->\n\n<!-- wp:quote -->\n<blockquote class=\"wp-block-quote\"><p>The XYZ Doohickey Company was founded in 1971, and has been providing quality doohickeys to the public ever since. Located in Gotham City, XYZ employs over 2,000 people and does all kinds of awesome things for the Gotham community.</p></blockquote>\n<!-- /wp:quote -->\n\n<!-- wp:paragraph -->\n<p>As a new WordPress user, you should go to <a href=\"http://localhost/thucung/wp-admin/\">your dashboard</a> to delete this page and create new pages for your content. Have fun!</p>\n<!-- /wp:paragraph -->', 'Sample Page', '', 'publish', 'closed', 'open', '', 'sample-page', '', '', '2020-11-10 07:57:48', '2020-11-10 07:57:48', '', 0, 'http://localhost/thucung/?page_id=2', 0, 'page', '', 0),
(3, 1, '2020-11-10 07:57:48', '2020-11-10 07:57:48', '<!-- wp:heading --><h2>Who we are</h2><!-- /wp:heading --><!-- wp:paragraph --><p>Our website address is: http://localhost/thucung.</p><!-- /wp:paragraph --><!-- wp:heading --><h2>What personal data we collect and why we collect it</h2><!-- /wp:heading --><!-- wp:heading {\"level\":3} --><h3>Comments</h3><!-- /wp:heading --><!-- wp:paragraph --><p>When visitors leave comments on the site we collect the data shown in the comments form, and also the visitor&#8217;s IP address and browser user agent string to help spam detection.</p><!-- /wp:paragraph --><!-- wp:paragraph --><p>An anonymized string created from your email address (also called a hash) may be provided to the Gravatar service to see if you are using it. The Gravatar service privacy policy is available here: https://automattic.com/privacy/. After approval of your comment, your profile picture is visible to the public in the context of your comment.</p><!-- /wp:paragraph --><!-- wp:heading {\"level\":3} --><h3>Media</h3><!-- /wp:heading --><!-- wp:paragraph --><p>If you upload images to the website, you should avoid uploading images with embedded location data (EXIF GPS) included. Visitors to the website can download and extract any location data from images on the website.</p><!-- /wp:paragraph --><!-- wp:heading {\"level\":3} --><h3>Contact forms</h3><!-- /wp:heading --><!-- wp:heading {\"level\":3} --><h3>Cookies</h3><!-- /wp:heading --><!-- wp:paragraph --><p>If you leave a comment on our site you may opt-in to saving your name, email address and website in cookies. These are for your convenience so that you do not have to fill in your details again when you leave another comment. These cookies will last for one year.</p><!-- /wp:paragraph --><!-- wp:paragraph --><p>If you visit our login page, we will set a temporary cookie to determine if your browser accepts cookies. This cookie contains no personal data and is discarded when you close your browser.</p><!-- /wp:paragraph --><!-- wp:paragraph --><p>When you log in, we will also set up several cookies to save your login information and your screen display choices. Login cookies last for two days, and screen options cookies last for a year. If you select &quot;Remember Me&quot;, your login will persist for two weeks. If you log out of your account, the login cookies will be removed.</p><!-- /wp:paragraph --><!-- wp:paragraph --><p>If you edit or publish an article, an additional cookie will be saved in your browser. This cookie includes no personal data and simply indicates the post ID of the article you just edited. It expires after 1 day.</p><!-- /wp:paragraph --><!-- wp:heading {\"level\":3} --><h3>Embedded content from other websites</h3><!-- /wp:heading --><!-- wp:paragraph --><p>Articles on this site may include embedded content (e.g. videos, images, articles, etc.). Embedded content from other websites behaves in the exact same way as if the visitor has visited the other website.</p><!-- /wp:paragraph --><!-- wp:paragraph --><p>These websites may collect data about you, use cookies, embed additional third-party tracking, and monitor your interaction with that embedded content, including tracking your interaction with the embedded content if you have an account and are logged in to that website.</p><!-- /wp:paragraph --><!-- wp:heading {\"level\":3} --><h3>Analytics</h3><!-- /wp:heading --><!-- wp:heading --><h2>Who we share your data with</h2><!-- /wp:heading --><!-- wp:heading --><h2>How long we retain your data</h2><!-- /wp:heading --><!-- wp:paragraph --><p>If you leave a comment, the comment and its metadata are retained indefinitely. This is so we can recognize and approve any follow-up comments automatically instead of holding them in a moderation queue.</p><!-- /wp:paragraph --><!-- wp:paragraph --><p>For users that register on our website (if any), we also store the personal information they provide in their user profile. All users can see, edit, or delete their personal information at any time (except they cannot change their username). Website administrators can also see and edit that information.</p><!-- /wp:paragraph --><!-- wp:heading --><h2>What rights you have over your data</h2><!-- /wp:heading --><!-- wp:paragraph --><p>If you have an account on this site, or have left comments, you can request to receive an exported file of the personal data we hold about you, including any data you have provided to us. You can also request that we erase any personal data we hold about you. This does not include any data we are obliged to keep for administrative, legal, or security purposes.</p><!-- /wp:paragraph --><!-- wp:heading --><h2>Where we send your data</h2><!-- /wp:heading --><!-- wp:paragraph --><p>Visitor comments may be checked through an automated spam detection service.</p><!-- /wp:paragraph --><!-- wp:heading --><h2>Your contact information</h2><!-- /wp:heading --><!-- wp:heading --><h2>Additional information</h2><!-- /wp:heading --><!-- wp:heading {\"level\":3} --><h3>How we protect your data</h3><!-- /wp:heading --><!-- wp:heading {\"level\":3} --><h3>What data breach procedures we have in place</h3><!-- /wp:heading --><!-- wp:heading {\"level\":3} --><h3>What third parties we receive data from</h3><!-- /wp:heading --><!-- wp:heading {\"level\":3} --><h3>What automated decision making and/or profiling we do with user data</h3><!-- /wp:heading --><!-- wp:heading {\"level\":3} --><h3>Industry regulatory disclosure requirements</h3><!-- /wp:heading -->', 'Privacy Policy', '', 'draft', 'closed', 'open', '', 'privacy-policy', '', '', '2020-11-10 07:57:48', '2020-11-10 07:57:48', '', 0, 'http://localhost/thucung/?page_id=3', 0, 'page', '', 0),
(4, 1, '2020-11-10 07:57:57', '0000-00-00 00:00:00', '', 'Auto Draft', '', 'auto-draft', 'open', 'open', '', '', '', '', '2020-11-10 07:57:57', '0000-00-00 00:00:00', '', 0, 'http://localhost/thucung/?p=4', 0, 'post', '', 0),
(5, 1, '2020-11-10 10:12:57', '0000-00-00 00:00:00', '', 'The New UMoMA Opens its Doors', '', 'auto-draft', 'open', 'closed', '', '', '', '', '2020-11-10 10:12:56', '0000-00-00 00:00:00', '', 0, 'http://localhost/thucung/wp-content/uploads/2020/11/2020-landscape-1.png', 0, 'attachment', 'image/png', 0),
(6, 1, '2020-11-10 10:12:57', '0000-00-00 00:00:00', '<!-- wp:group {\"align\":\"wide\"} --><div class=\"wp-block-group alignwide\"><div class=\"wp-block-group__inner-container\"><!-- wp:heading {\"align\":\"center\"} --><h2 class=\"has-text-align-center\">The premier destination for modern art in Northern Sweden. Open from 10 AM to 6 PM every day during the summer months.</h2><!-- /wp:heading --></div></div><!-- /wp:group --><!-- wp:columns {\"align\":\"wide\"} --><div class=\"wp-block-columns alignwide\"><!-- wp:column --><div class=\"wp-block-column\"><!-- wp:group --><div class=\"wp-block-group\"><div class=\"wp-block-group__inner-container\"><!-- wp:image {\"align\":\"full\",\"id\":37,\"sizeSlug\":\"full\"} --><figure class=\"wp-block-image alignfull size-full\"><img src=\"http://localhost/thucung/wp-content/themes/twentytwenty/assets/images/2020-three-quarters-1.png\" alt=\"\" class=\"wp-image-37\"/></figure><!-- /wp:image --><!-- wp:heading {\"level\":3} --><h3>Works and Days</h3><!-- /wp:heading --><!-- wp:paragraph --><p>August 1 -- December 1</p><!-- /wp:paragraph --><!-- wp:button {\"className\":\"is-style-outline\"} --><div class=\"wp-block-button is-style-outline\"><a class=\"wp-block-button__link\" href=\"https://make.wordpress.org/core/2019/09/27/block-editor-theme-related-updates-in-wordpress-5-3/\">Read More</a></div><!-- /wp:button --></div></div><!-- /wp:group --><!-- wp:group --><div class=\"wp-block-group\"><div class=\"wp-block-group__inner-container\"><!-- wp:image {\"align\":\"full\",\"id\":37,\"sizeSlug\":\"full\"} --><figure class=\"wp-block-image alignfull size-full\"><img src=\"http://localhost/thucung/wp-content/themes/twentytwenty/assets/images/2020-three-quarters-3.png\" alt=\"\" class=\"wp-image-37\"/></figure><!-- /wp:image --><!-- wp:heading {\"level\":3} --><h3>Theatre of Operations</h3><!-- /wp:heading --><!-- wp:paragraph --><p>October 1 -- December 1</p><!-- /wp:paragraph --><!-- wp:button {\"className\":\"is-style-outline\"} --><div class=\"wp-block-button is-style-outline\"><a class=\"wp-block-button__link\" href=\"https://make.wordpress.org/core/2019/09/27/block-editor-theme-related-updates-in-wordpress-5-3/\">Read More</a></div><!-- /wp:button --></div></div><!-- /wp:group --></div><!-- /wp:column --><!-- wp:column --><div class=\"wp-block-column\"><!-- wp:group --><div class=\"wp-block-group\"><div class=\"wp-block-group__inner-container\"><!-- wp:image {\"align\":\"full\",\"id\":37,\"sizeSlug\":\"full\"} --><figure class=\"wp-block-image alignfull size-full\"><img src=\"http://localhost/thucung/wp-content/themes/twentytwenty/assets/images/2020-three-quarters-2.png\" alt=\"\" class=\"wp-image-37\"/></figure><!-- /wp:image --><!-- wp:heading {\"level\":3} --><h3>The Life I Deserve</h3><!-- /wp:heading --><!-- wp:paragraph --><p>August 1 -- December 1</p><!-- /wp:paragraph --><!-- wp:button {\"className\":\"is-style-outline\"} --><div class=\"wp-block-button is-style-outline\"><a class=\"wp-block-button__link\" href=\"https://make.wordpress.org/core/2019/09/27/block-editor-theme-related-updates-in-wordpress-5-3/\">Read More</a></div><!-- /wp:button --></div></div><!-- /wp:group --><!-- wp:group --><div class=\"wp-block-group\"><div class=\"wp-block-group__inner-container\"><!-- wp:image {\"align\":\"full\",\"id\":37,\"sizeSlug\":\"full\"} --><figure class=\"wp-block-image alignfull size-full\"><img src=\"http://localhost/thucung/wp-content/themes/twentytwenty/assets/images/2020-three-quarters-4.png\" alt=\"\" class=\"wp-image-37\"/></figure><!-- /wp:image --><!-- wp:heading {\"level\":3} --><h3>From Signac to Matisse</h3><!-- /wp:heading --><!-- wp:paragraph --><p>October 1 -- December 1</p><!-- /wp:paragraph --><!-- wp:button {\"className\":\"is-style-outline\"} --><div class=\"wp-block-button is-style-outline\"><a class=\"wp-block-button__link\" href=\"https://make.wordpress.org/core/2019/09/27/block-editor-theme-related-updates-in-wordpress-5-3/\">Read More</a></div><!-- /wp:button --></div></div><!-- /wp:group --></div><!-- /wp:column --></div><!-- /wp:columns --><!-- wp:image {\"align\":\"full\",\"id\":37,\"sizeSlug\":\"full\"} --><figure class=\"wp-block-image alignfull size-full\"><img src=\"http://localhost/thucung/wp-content/themes/twentytwenty/assets/images/2020-landscape-2.png\" alt=\"\" class=\"wp-image-37\"/></figure><!-- /wp:image --><!-- wp:group {\"align\":\"wide\"} --><div class=\"wp-block-group alignwide\"><div class=\"wp-block-group__inner-container\"><!-- wp:heading {\"align\":\"center\",\"textColor\":\"accent\"} --><h2 class=\"has-accent-color has-text-align-center\">&#8220;Cyborgs, as the philosopher Donna Haraway established, are not reverent. They do not remember the cosmos.&#8221;</h2><!-- /wp:heading --></div></div><!-- /wp:group --><!-- wp:paragraph {\"dropCap\":true} --><p class=\"has-drop-cap\">With seven floors of striking architecture, UMoMA shows exhibitions of international contemporary art, sometimes along with art historical retrospectives. Existential, political and philosophical issues are intrinsic to our programme. As visitor you are invited to guided tours artist talks, lectures, film screenings and other events with free admission</p><!-- /wp:paragraph --><!-- wp:paragraph --><p>The exhibitions are produced by UMoMA in collaboration with artists and museums around the world and they often attract international attention. UMoMA has received a Special Commendation from the European Museum of the Year, and was among the top candidates for the Swedish Museum of the Year Award as well as for the Council of Europe Museum Prize.</p><!-- /wp:paragraph --><!-- wp:paragraph --><p></p><!-- /wp:paragraph --><!-- wp:group {\"customBackgroundColor\":\"#ffffff\",\"align\":\"wide\"} --><div class=\"wp-block-group alignwide has-background\" style=\"background-color:#ffffff\"><div class=\"wp-block-group__inner-container\"><!-- wp:group --><div class=\"wp-block-group\"><div class=\"wp-block-group__inner-container\"><!-- wp:heading {\"align\":\"center\"} --><h2 class=\"has-text-align-center\">Become a Member and Get Exclusive Offers!</h2><!-- /wp:heading --><!-- wp:paragraph {\"align\":\"center\"} --><p class=\"has-text-align-center\">Members get access to exclusive exhibits and sales. Our memberships cost $99.99 and are billed annually.</p><!-- /wp:paragraph --><!-- wp:button {\"align\":\"center\"} --><div class=\"wp-block-button aligncenter\"><a class=\"wp-block-button__link\" href=\"https://make.wordpress.org/core/2019/09/27/block-editor-theme-related-updates-in-wordpress-5-3/\">Join the Club</a></div><!-- /wp:button --></div></div><!-- /wp:group --></div></div><!-- /wp:group --><!-- wp:gallery {\"ids\":[39,38],\"align\":\"wide\"} --><figure class=\"wp-block-gallery alignwide columns-2 is-cropped\"><ul class=\"blocks-gallery-grid\"><li class=\"blocks-gallery-item\"><figure><img src=\"http://localhost/thucung/wp-content/themes/twentytwenty/assets/images/2020-square-2.png\" alt=\"\" data-id=\"39\" data-full-url=\"http://localhost/thucung/wp-content/themes/twentytwenty/assets/images/2020-square-2.png\" data-link=\"assets/images/2020-square-2/\" class=\"wp-image-39\"/></figure></li><li class=\"blocks-gallery-item\"><figure><img src=\"http://localhost/thucung/wp-content/themes/twentytwenty/assets/images/2020-square-1.png\" alt=\"\" data-id=\"38\" data-full-url=\"http://localhost/thucung/wp-content/themes/twentytwenty/assets/images/2020-square-1.png\" data-link=\"http://localhost/thucung/wp-content/themes/twentytwenty/assets/images/2020-square-1/\" class=\"wp-image-38\"/></figure></li></ul></figure><!-- /wp:gallery -->', 'The New UMoMA Opens its Doors', '', 'auto-draft', 'closed', 'closed', '', '', '', '', '2020-11-10 10:12:57', '0000-00-00 00:00:00', '', 0, 'http://localhost/thucung/?page_id=6', 0, 'page', '', 0),
(7, 1, '2020-11-10 10:12:57', '0000-00-00 00:00:00', '<!-- wp:paragraph -->\n<p>You might be an artist who would like to introduce yourself and your work here or maybe you&rsquo;re a business with a mission to describe.</p>\n<!-- /wp:paragraph -->', 'About', '', 'auto-draft', 'closed', 'closed', '', '', '', '', '2020-11-10 10:12:57', '0000-00-00 00:00:00', '', 0, 'http://localhost/thucung/?page_id=7', 0, 'page', '', 0),
(8, 1, '2020-11-10 10:12:57', '0000-00-00 00:00:00', '<!-- wp:paragraph -->\n<p>This is a page with some basic contact information, such as an address and phone number. You might also try a plugin to add a contact form.</p>\n<!-- /wp:paragraph -->', 'Contact', '', 'auto-draft', 'closed', 'closed', '', '', '', '', '2020-11-10 10:12:57', '0000-00-00 00:00:00', '', 0, 'http://localhost/thucung/?page_id=8', 0, 'page', '', 0),
(9, 1, '2020-11-10 10:12:57', '0000-00-00 00:00:00', '', 'Blog', '', 'auto-draft', 'closed', 'closed', '', '', '', '', '2020-11-10 10:12:57', '0000-00-00 00:00:00', '', 0, 'http://localhost/thucung/?page_id=9', 0, 'page', '', 0),
(10, 1, '2020-11-10 10:12:57', '0000-00-00 00:00:00', '{\n    \"widget_text[2]\": {\n        \"starter_content\": true,\n        \"value\": {\n            \"encoded_serialized_instance\": \"YTo0OntzOjU6InRpdGxlIjtzOjE1OiJBYm91dCBUaGlzIFNpdGUiO3M6NDoidGV4dCI7czo4NToiVGhpcyBtYXkgYmUgYSBnb29kIHBsYWNlIHRvIGludHJvZHVjZSB5b3Vyc2VsZiBhbmQgeW91ciBzaXRlIG9yIGluY2x1ZGUgc29tZSBjcmVkaXRzLiI7czo2OiJmaWx0ZXIiO2I6MTtzOjY6InZpc3VhbCI7YjoxO30=\",\n            \"title\": \"About This Site\",\n            \"is_widget_customizer_js_value\": true,\n            \"instance_hash_key\": \"ce87014023ea5727f10016db7378ad1a\"\n        },\n        \"type\": \"option\",\n        \"user_id\": 1,\n        \"date_modified_gmt\": \"2020-11-10 10:12:57\"\n    },\n    \"sidebars_widgets[sidebar-1]\": {\n        \"starter_content\": true,\n        \"value\": [\n            \"text-2\"\n        ],\n        \"type\": \"option\",\n        \"user_id\": 1,\n        \"date_modified_gmt\": \"2020-11-10 10:12:57\"\n    },\n    \"widget_text[3]\": {\n        \"starter_content\": true,\n        \"value\": {\n            \"encoded_serialized_instance\": \"YTo0OntzOjU6InRpdGxlIjtzOjc6IkZpbmQgVXMiO3M6NDoidGV4dCI7czoxNjg6IjxzdHJvbmc+QWRkcmVzczwvc3Ryb25nPgoxMjMgTWFpbiBTdHJlZXQKTmV3IFlvcmssIE5ZIDEwMDAxCgo8c3Ryb25nPkhvdXJzPC9zdHJvbmc+Ck1vbmRheSZuZGFzaDtGcmlkYXk6IDk6MDBBTSZuZGFzaDs1OjAwUE0KU2F0dXJkYXkgJmFtcDsgU3VuZGF5OiAxMTowMEFNJm5kYXNoOzM6MDBQTSI7czo2OiJmaWx0ZXIiO2I6MTtzOjY6InZpc3VhbCI7YjoxO30=\",\n            \"title\": \"Find Us\",\n            \"is_widget_customizer_js_value\": true,\n            \"instance_hash_key\": \"f6ddd4f02666701f351539da7309bfa2\"\n        },\n        \"type\": \"option\",\n        \"user_id\": 1,\n        \"date_modified_gmt\": \"2020-11-10 10:12:57\"\n    },\n    \"sidebars_widgets[sidebar-2]\": {\n        \"starter_content\": true,\n        \"value\": [\n            \"text-3\"\n        ],\n        \"type\": \"option\",\n        \"user_id\": 1,\n        \"date_modified_gmt\": \"2020-11-10 10:12:57\"\n    },\n    \"nav_menus_created_posts\": {\n        \"starter_content\": true,\n        \"value\": [\n            5,\n            6,\n            7,\n            8,\n            9\n        ],\n        \"type\": \"option\",\n        \"user_id\": 1,\n        \"date_modified_gmt\": \"2020-11-10 10:12:57\"\n    },\n    \"nav_menu[-1]\": {\n        \"starter_content\": true,\n        \"value\": {\n            \"name\": \"Primary\"\n        },\n        \"type\": \"nav_menu\",\n        \"user_id\": 1,\n        \"date_modified_gmt\": \"2020-11-10 10:12:57\"\n    },\n    \"nav_menu_item[-1]\": {\n        \"starter_content\": true,\n        \"value\": {\n            \"type\": \"custom\",\n            \"title\": \"Home\",\n            \"url\": \"http://localhost/thucung/\",\n            \"position\": 0,\n            \"nav_menu_term_id\": -1,\n            \"object_id\": 0\n        },\n        \"type\": \"nav_menu_item\",\n        \"user_id\": 1,\n        \"date_modified_gmt\": \"2020-11-10 10:12:57\"\n    },\n    \"nav_menu_item[-2]\": {\n        \"starter_content\": true,\n        \"value\": {\n            \"type\": \"post_type\",\n            \"object\": \"page\",\n            \"object_id\": 7,\n            \"position\": 1,\n            \"nav_menu_term_id\": -1,\n            \"title\": \"About\"\n        },\n        \"type\": \"nav_menu_item\",\n        \"user_id\": 1,\n        \"date_modified_gmt\": \"2020-11-10 10:12:57\"\n    },\n    \"nav_menu_item[-3]\": {\n        \"starter_content\": true,\n        \"value\": {\n            \"type\": \"post_type\",\n            \"object\": \"page\",\n            \"object_id\": 9,\n            \"position\": 2,\n            \"nav_menu_term_id\": -1,\n            \"title\": \"Blog\"\n        },\n        \"type\": \"nav_menu_item\",\n        \"user_id\": 1,\n        \"date_modified_gmt\": \"2020-11-10 10:12:57\"\n    },\n    \"nav_menu_item[-4]\": {\n        \"starter_content\": true,\n        \"value\": {\n            \"type\": \"post_type\",\n            \"object\": \"page\",\n            \"object_id\": 8,\n            \"position\": 3,\n            \"nav_menu_term_id\": -1,\n            \"title\": \"Contact\"\n        },\n        \"type\": \"nav_menu_item\",\n        \"user_id\": 1,\n        \"date_modified_gmt\": \"2020-11-10 10:12:57\"\n    },\n    \"twentytwenty::nav_menu_locations[primary]\": {\n        \"starter_content\": true,\n        \"value\": -1,\n        \"type\": \"theme_mod\",\n        \"user_id\": 1,\n        \"date_modified_gmt\": \"2020-11-10 10:12:57\"\n    },\n    \"nav_menu[-5]\": {\n        \"starter_content\": true,\n        \"value\": {\n            \"name\": \"Primary\"\n        },\n        \"type\": \"nav_menu\",\n        \"user_id\": 1,\n        \"date_modified_gmt\": \"2020-11-10 10:12:57\"\n    },\n    \"nav_menu_item[-5]\": {\n        \"starter_content\": true,\n        \"value\": {\n            \"type\": \"custom\",\n            \"title\": \"Home\",\n            \"url\": \"http://localhost/thucung/\",\n            \"position\": 0,\n            \"nav_menu_term_id\": -5,\n            \"object_id\": 0\n        },\n        \"type\": \"nav_menu_item\",\n        \"user_id\": 1,\n        \"date_modified_gmt\": \"2020-11-10 10:12:57\"\n    },\n    \"nav_menu_item[-6]\": {\n        \"starter_content\": true,\n        \"value\": {\n            \"type\": \"post_type\",\n            \"object\": \"page\",\n            \"object_id\": 7,\n            \"position\": 1,\n            \"nav_menu_term_id\": -5,\n            \"title\": \"About\"\n        },\n        \"type\": \"nav_menu_item\",\n        \"user_id\": 1,\n        \"date_modified_gmt\": \"2020-11-10 10:12:57\"\n    },\n    \"nav_menu_item[-7]\": {\n        \"starter_content\": true,\n        \"value\": {\n            \"type\": \"post_type\",\n            \"object\": \"page\",\n            \"object_id\": 9,\n            \"position\": 2,\n            \"nav_menu_term_id\": -5,\n            \"title\": \"Blog\"\n        },\n        \"type\": \"nav_menu_item\",\n        \"user_id\": 1,\n        \"date_modified_gmt\": \"2020-11-10 10:12:57\"\n    },\n    \"nav_menu_item[-8]\": {\n        \"starter_content\": true,\n        \"value\": {\n            \"type\": \"post_type\",\n            \"object\": \"page\",\n            \"object_id\": 8,\n            \"position\": 3,\n            \"nav_menu_term_id\": -5,\n            \"title\": \"Contact\"\n        },\n        \"type\": \"nav_menu_item\",\n        \"user_id\": 1,\n        \"date_modified_gmt\": \"2020-11-10 10:12:57\"\n    },\n    \"twentytwenty::nav_menu_locations[expanded]\": {\n        \"starter_content\": true,\n        \"value\": -5,\n        \"type\": \"theme_mod\",\n        \"user_id\": 1,\n        \"date_modified_gmt\": \"2020-11-10 10:12:57\"\n    },\n    \"nav_menu[-9]\": {\n        \"starter_content\": true,\n        \"value\": {\n            \"name\": \"Social Links Menu\"\n        },\n        \"type\": \"nav_menu\",\n        \"user_id\": 1,\n        \"date_modified_gmt\": \"2020-11-10 10:12:57\"\n    },\n    \"nav_menu_item[-9]\": {\n        \"starter_content\": true,\n        \"value\": {\n            \"title\": \"Yelp\",\n            \"url\": \"https://www.yelp.com\",\n            \"position\": 0,\n            \"nav_menu_term_id\": -9,\n            \"object_id\": 0\n        },\n        \"type\": \"nav_menu_item\",\n        \"user_id\": 1,\n        \"date_modified_gmt\": \"2020-11-10 10:12:57\"\n    },\n    \"nav_menu_item[-10]\": {\n        \"starter_content\": true,\n        \"value\": {\n            \"title\": \"Facebook\",\n            \"url\": \"https://www.facebook.com/wordpress\",\n            \"position\": 1,\n            \"nav_menu_term_id\": -9,\n            \"object_id\": 0\n        },\n        \"type\": \"nav_menu_item\",\n        \"user_id\": 1,\n        \"date_modified_gmt\": \"2020-11-10 10:12:57\"\n    },\n    \"nav_menu_item[-11]\": {\n        \"starter_content\": true,\n        \"value\": {\n            \"title\": \"Twitter\",\n            \"url\": \"https://twitter.com/wordpress\",\n            \"position\": 2,\n            \"nav_menu_term_id\": -9,\n            \"object_id\": 0\n        },\n        \"type\": \"nav_menu_item\",\n        \"user_id\": 1,\n        \"date_modified_gmt\": \"2020-11-10 10:12:57\"\n    },\n    \"nav_menu_item[-12]\": {\n        \"starter_content\": true,\n        \"value\": {\n            \"title\": \"Instagram\",\n            \"url\": \"https://www.instagram.com/explore/tags/wordcamp/\",\n            \"position\": 3,\n            \"nav_menu_term_id\": -9,\n            \"object_id\": 0\n        },\n        \"type\": \"nav_menu_item\",\n        \"user_id\": 1,\n        \"date_modified_gmt\": \"2020-11-10 10:12:57\"\n    },\n    \"nav_menu_item[-13]\": {\n        \"starter_content\": true,\n        \"value\": {\n            \"title\": \"Email\",\n            \"url\": \"mailto:wordpress@example.com\",\n            \"position\": 4,\n            \"nav_menu_term_id\": -9,\n            \"object_id\": 0\n        },\n        \"type\": \"nav_menu_item\",\n        \"user_id\": 1,\n        \"date_modified_gmt\": \"2020-11-10 10:12:57\"\n    },\n    \"twentytwenty::nav_menu_locations[social]\": {\n        \"starter_content\": true,\n        \"value\": -9,\n        \"type\": \"theme_mod\",\n        \"user_id\": 1,\n        \"date_modified_gmt\": \"2020-11-10 10:12:57\"\n    },\n    \"show_on_front\": {\n        \"starter_content\": true,\n        \"value\": \"page\",\n        \"type\": \"option\",\n        \"user_id\": 1,\n        \"date_modified_gmt\": \"2020-11-10 10:12:57\"\n    },\n    \"page_on_front\": {\n        \"starter_content\": true,\n        \"value\": 6,\n        \"type\": \"option\",\n        \"user_id\": 1,\n        \"date_modified_gmt\": \"2020-11-10 10:12:57\"\n    },\n    \"page_for_posts\": {\n        \"starter_content\": true,\n        \"value\": 9,\n        \"type\": \"option\",\n        \"user_id\": 1,\n        \"date_modified_gmt\": \"2020-11-10 10:12:57\"\n    }\n}', '', '', 'auto-draft', 'closed', 'closed', '', '35bfc780-8970-4150-843d-05d5dd47a74c', '', '', '2020-11-10 10:12:57', '0000-00-00 00:00:00', '', 0, 'http://localhost/thucung/?p=10', 0, 'customize_changeset', '', 0),
(11, 1, '2020-11-10 10:29:53', '0000-00-00 00:00:00', '', 'The New UMoMA Opens its Doors', '', 'auto-draft', 'open', 'closed', '', '', '', '', '2020-11-10 10:29:52', '0000-00-00 00:00:00', '', 0, 'http://localhost/thucung/wp-content/uploads/2020/11/2020-landscape-1-1.png', 0, 'attachment', 'image/png', 0),
(12, 1, '2020-11-10 10:29:53', '0000-00-00 00:00:00', '<!-- wp:group {\"align\":\"wide\"} --><div class=\"wp-block-group alignwide\"><div class=\"wp-block-group__inner-container\"><!-- wp:heading {\"align\":\"center\"} --><h2 class=\"has-text-align-center\">The premier destination for modern art in Northern Sweden. Open from 10 AM to 6 PM every day during the summer months.</h2><!-- /wp:heading --></div></div><!-- /wp:group --><!-- wp:columns {\"align\":\"wide\"} --><div class=\"wp-block-columns alignwide\"><!-- wp:column --><div class=\"wp-block-column\"><!-- wp:group --><div class=\"wp-block-group\"><div class=\"wp-block-group__inner-container\"><!-- wp:image {\"align\":\"full\",\"id\":37,\"sizeSlug\":\"full\"} --><figure class=\"wp-block-image alignfull size-full\"><img src=\"http://localhost/thucung/wp-content/themes/twentytwenty/assets/images/2020-three-quarters-1.png\" alt=\"\" class=\"wp-image-37\"/></figure><!-- /wp:image --><!-- wp:heading {\"level\":3} --><h3>Works and Days</h3><!-- /wp:heading --><!-- wp:paragraph --><p>August 1 -- December 1</p><!-- /wp:paragraph --><!-- wp:button {\"className\":\"is-style-outline\"} --><div class=\"wp-block-button is-style-outline\"><a class=\"wp-block-button__link\" href=\"https://make.wordpress.org/core/2019/09/27/block-editor-theme-related-updates-in-wordpress-5-3/\">Read More</a></div><!-- /wp:button --></div></div><!-- /wp:group --><!-- wp:group --><div class=\"wp-block-group\"><div class=\"wp-block-group__inner-container\"><!-- wp:image {\"align\":\"full\",\"id\":37,\"sizeSlug\":\"full\"} --><figure class=\"wp-block-image alignfull size-full\"><img src=\"http://localhost/thucung/wp-content/themes/twentytwenty/assets/images/2020-three-quarters-3.png\" alt=\"\" class=\"wp-image-37\"/></figure><!-- /wp:image --><!-- wp:heading {\"level\":3} --><h3>Theatre of Operations</h3><!-- /wp:heading --><!-- wp:paragraph --><p>October 1 -- December 1</p><!-- /wp:paragraph --><!-- wp:button {\"className\":\"is-style-outline\"} --><div class=\"wp-block-button is-style-outline\"><a class=\"wp-block-button__link\" href=\"https://make.wordpress.org/core/2019/09/27/block-editor-theme-related-updates-in-wordpress-5-3/\">Read More</a></div><!-- /wp:button --></div></div><!-- /wp:group --></div><!-- /wp:column --><!-- wp:column --><div class=\"wp-block-column\"><!-- wp:group --><div class=\"wp-block-group\"><div class=\"wp-block-group__inner-container\"><!-- wp:image {\"align\":\"full\",\"id\":37,\"sizeSlug\":\"full\"} --><figure class=\"wp-block-image alignfull size-full\"><img src=\"http://localhost/thucung/wp-content/themes/twentytwenty/assets/images/2020-three-quarters-2.png\" alt=\"\" class=\"wp-image-37\"/></figure><!-- /wp:image --><!-- wp:heading {\"level\":3} --><h3>The Life I Deserve</h3><!-- /wp:heading --><!-- wp:paragraph --><p>August 1 -- December 1</p><!-- /wp:paragraph --><!-- wp:button {\"className\":\"is-style-outline\"} --><div class=\"wp-block-button is-style-outline\"><a class=\"wp-block-button__link\" href=\"https://make.wordpress.org/core/2019/09/27/block-editor-theme-related-updates-in-wordpress-5-3/\">Read More</a></div><!-- /wp:button --></div></div><!-- /wp:group --><!-- wp:group --><div class=\"wp-block-group\"><div class=\"wp-block-group__inner-container\"><!-- wp:image {\"align\":\"full\",\"id\":37,\"sizeSlug\":\"full\"} --><figure class=\"wp-block-image alignfull size-full\"><img src=\"http://localhost/thucung/wp-content/themes/twentytwenty/assets/images/2020-three-quarters-4.png\" alt=\"\" class=\"wp-image-37\"/></figure><!-- /wp:image --><!-- wp:heading {\"level\":3} --><h3>From Signac to Matisse</h3><!-- /wp:heading --><!-- wp:paragraph --><p>October 1 -- December 1</p><!-- /wp:paragraph --><!-- wp:button {\"className\":\"is-style-outline\"} --><div class=\"wp-block-button is-style-outline\"><a class=\"wp-block-button__link\" href=\"https://make.wordpress.org/core/2019/09/27/block-editor-theme-related-updates-in-wordpress-5-3/\">Read More</a></div><!-- /wp:button --></div></div><!-- /wp:group --></div><!-- /wp:column --></div><!-- /wp:columns --><!-- wp:image {\"align\":\"full\",\"id\":37,\"sizeSlug\":\"full\"} --><figure class=\"wp-block-image alignfull size-full\"><img src=\"http://localhost/thucung/wp-content/themes/twentytwenty/assets/images/2020-landscape-2.png\" alt=\"\" class=\"wp-image-37\"/></figure><!-- /wp:image --><!-- wp:group {\"align\":\"wide\"} --><div class=\"wp-block-group alignwide\"><div class=\"wp-block-group__inner-container\"><!-- wp:heading {\"align\":\"center\",\"textColor\":\"accent\"} --><h2 class=\"has-accent-color has-text-align-center\">&#8220;Cyborgs, as the philosopher Donna Haraway established, are not reverent. They do not remember the cosmos.&#8221;</h2><!-- /wp:heading --></div></div><!-- /wp:group --><!-- wp:paragraph {\"dropCap\":true} --><p class=\"has-drop-cap\">With seven floors of striking architecture, UMoMA shows exhibitions of international contemporary art, sometimes along with art historical retrospectives. Existential, political and philosophical issues are intrinsic to our programme. As visitor you are invited to guided tours artist talks, lectures, film screenings and other events with free admission</p><!-- /wp:paragraph --><!-- wp:paragraph --><p>The exhibitions are produced by UMoMA in collaboration with artists and museums around the world and they often attract international attention. UMoMA has received a Special Commendation from the European Museum of the Year, and was among the top candidates for the Swedish Museum of the Year Award as well as for the Council of Europe Museum Prize.</p><!-- /wp:paragraph --><!-- wp:paragraph --><p></p><!-- /wp:paragraph --><!-- wp:group {\"customBackgroundColor\":\"#ffffff\",\"align\":\"wide\"} --><div class=\"wp-block-group alignwide has-background\" style=\"background-color:#ffffff\"><div class=\"wp-block-group__inner-container\"><!-- wp:group --><div class=\"wp-block-group\"><div class=\"wp-block-group__inner-container\"><!-- wp:heading {\"align\":\"center\"} --><h2 class=\"has-text-align-center\">Become a Member and Get Exclusive Offers!</h2><!-- /wp:heading --><!-- wp:paragraph {\"align\":\"center\"} --><p class=\"has-text-align-center\">Members get access to exclusive exhibits and sales. Our memberships cost $99.99 and are billed annually.</p><!-- /wp:paragraph --><!-- wp:button {\"align\":\"center\"} --><div class=\"wp-block-button aligncenter\"><a class=\"wp-block-button__link\" href=\"https://make.wordpress.org/core/2019/09/27/block-editor-theme-related-updates-in-wordpress-5-3/\">Join the Club</a></div><!-- /wp:button --></div></div><!-- /wp:group --></div></div><!-- /wp:group --><!-- wp:gallery {\"ids\":[39,38],\"align\":\"wide\"} --><figure class=\"wp-block-gallery alignwide columns-2 is-cropped\"><ul class=\"blocks-gallery-grid\"><li class=\"blocks-gallery-item\"><figure><img src=\"http://localhost/thucung/wp-content/themes/twentytwenty/assets/images/2020-square-2.png\" alt=\"\" data-id=\"39\" data-full-url=\"http://localhost/thucung/wp-content/themes/twentytwenty/assets/images/2020-square-2.png\" data-link=\"assets/images/2020-square-2/\" class=\"wp-image-39\"/></figure></li><li class=\"blocks-gallery-item\"><figure><img src=\"http://localhost/thucung/wp-content/themes/twentytwenty/assets/images/2020-square-1.png\" alt=\"\" data-id=\"38\" data-full-url=\"http://localhost/thucung/wp-content/themes/twentytwenty/assets/images/2020-square-1.png\" data-link=\"http://localhost/thucung/wp-content/themes/twentytwenty/assets/images/2020-square-1/\" class=\"wp-image-38\"/></figure></li></ul></figure><!-- /wp:gallery -->', 'The New UMoMA Opens its Doors', '', 'auto-draft', 'closed', 'closed', '', '', '', '', '2020-11-10 10:29:53', '0000-00-00 00:00:00', '', 0, 'http://localhost/thucung/?page_id=12', 0, 'page', '', 0),
(13, 1, '2020-11-10 10:29:53', '0000-00-00 00:00:00', '<!-- wp:paragraph -->\n<p>You might be an artist who would like to introduce yourself and your work here or maybe you&rsquo;re a business with a mission to describe.</p>\n<!-- /wp:paragraph -->', 'About', '', 'auto-draft', 'closed', 'closed', '', '', '', '', '2020-11-10 10:29:53', '0000-00-00 00:00:00', '', 0, 'http://localhost/thucung/?page_id=13', 0, 'page', '', 0),
(14, 1, '2020-11-10 10:29:53', '0000-00-00 00:00:00', '<!-- wp:paragraph -->\n<p>This is a page with some basic contact information, such as an address and phone number. You might also try a plugin to add a contact form.</p>\n<!-- /wp:paragraph -->', 'Contact', '', 'auto-draft', 'closed', 'closed', '', '', '', '', '2020-11-10 10:29:53', '0000-00-00 00:00:00', '', 0, 'http://localhost/thucung/?page_id=14', 0, 'page', '', 0),
(15, 1, '2020-11-10 10:29:53', '0000-00-00 00:00:00', '', 'Blog', '', 'auto-draft', 'closed', 'closed', '', '', '', '', '2020-11-10 10:29:53', '0000-00-00 00:00:00', '', 0, 'http://localhost/thucung/?page_id=15', 0, 'page', '', 0),
(16, 1, '2020-11-10 10:29:53', '0000-00-00 00:00:00', '{\n    \"widget_text[4]\": {\n        \"starter_content\": true,\n        \"value\": {\n            \"encoded_serialized_instance\": \"YTo0OntzOjU6InRpdGxlIjtzOjE1OiJBYm91dCBUaGlzIFNpdGUiO3M6NDoidGV4dCI7czo4NToiVGhpcyBtYXkgYmUgYSBnb29kIHBsYWNlIHRvIGludHJvZHVjZSB5b3Vyc2VsZiBhbmQgeW91ciBzaXRlIG9yIGluY2x1ZGUgc29tZSBjcmVkaXRzLiI7czo2OiJmaWx0ZXIiO2I6MTtzOjY6InZpc3VhbCI7YjoxO30=\",\n            \"title\": \"About This Site\",\n            \"is_widget_customizer_js_value\": true,\n            \"instance_hash_key\": \"ce87014023ea5727f10016db7378ad1a\"\n        },\n        \"type\": \"option\",\n        \"user_id\": 1,\n        \"date_modified_gmt\": \"2020-11-10 10:29:53\"\n    },\n    \"sidebars_widgets[sidebar-1]\": {\n        \"starter_content\": true,\n        \"value\": [\n            \"text-4\"\n        ],\n        \"type\": \"option\",\n        \"user_id\": 1,\n        \"date_modified_gmt\": \"2020-11-10 10:29:53\"\n    },\n    \"widget_text[5]\": {\n        \"starter_content\": true,\n        \"value\": {\n            \"encoded_serialized_instance\": \"YTo0OntzOjU6InRpdGxlIjtzOjc6IkZpbmQgVXMiO3M6NDoidGV4dCI7czoxNjg6IjxzdHJvbmc+QWRkcmVzczwvc3Ryb25nPgoxMjMgTWFpbiBTdHJlZXQKTmV3IFlvcmssIE5ZIDEwMDAxCgo8c3Ryb25nPkhvdXJzPC9zdHJvbmc+Ck1vbmRheSZuZGFzaDtGcmlkYXk6IDk6MDBBTSZuZGFzaDs1OjAwUE0KU2F0dXJkYXkgJmFtcDsgU3VuZGF5OiAxMTowMEFNJm5kYXNoOzM6MDBQTSI7czo2OiJmaWx0ZXIiO2I6MTtzOjY6InZpc3VhbCI7YjoxO30=\",\n            \"title\": \"Find Us\",\n            \"is_widget_customizer_js_value\": true,\n            \"instance_hash_key\": \"f6ddd4f02666701f351539da7309bfa2\"\n        },\n        \"type\": \"option\",\n        \"user_id\": 1,\n        \"date_modified_gmt\": \"2020-11-10 10:29:53\"\n    },\n    \"sidebars_widgets[sidebar-2]\": {\n        \"starter_content\": true,\n        \"value\": [\n            \"text-5\"\n        ],\n        \"type\": \"option\",\n        \"user_id\": 1,\n        \"date_modified_gmt\": \"2020-11-10 10:29:53\"\n    },\n    \"nav_menus_created_posts\": {\n        \"starter_content\": true,\n        \"value\": [\n            11,\n            12,\n            13,\n            14,\n            15\n        ],\n        \"type\": \"option\",\n        \"user_id\": 1,\n        \"date_modified_gmt\": \"2020-11-10 10:29:53\"\n    },\n    \"nav_menu[-1]\": {\n        \"starter_content\": true,\n        \"value\": {\n            \"name\": \"Primary\"\n        },\n        \"type\": \"nav_menu\",\n        \"user_id\": 1,\n        \"date_modified_gmt\": \"2020-11-10 10:29:53\"\n    },\n    \"nav_menu_item[-1]\": {\n        \"starter_content\": true,\n        \"value\": {\n            \"type\": \"custom\",\n            \"title\": \"Home\",\n            \"url\": \"http://localhost/thucung/\",\n            \"position\": 0,\n            \"nav_menu_term_id\": -1,\n            \"object_id\": 0\n        },\n        \"type\": \"nav_menu_item\",\n        \"user_id\": 1,\n        \"date_modified_gmt\": \"2020-11-10 10:29:53\"\n    },\n    \"nav_menu_item[-2]\": {\n        \"starter_content\": true,\n        \"value\": {\n            \"type\": \"post_type\",\n            \"object\": \"page\",\n            \"object_id\": 13,\n            \"position\": 1,\n            \"nav_menu_term_id\": -1,\n            \"title\": \"About\"\n        },\n        \"type\": \"nav_menu_item\",\n        \"user_id\": 1,\n        \"date_modified_gmt\": \"2020-11-10 10:29:53\"\n    },\n    \"nav_menu_item[-3]\": {\n        \"starter_content\": true,\n        \"value\": {\n            \"type\": \"post_type\",\n            \"object\": \"page\",\n            \"object_id\": 15,\n            \"position\": 2,\n            \"nav_menu_term_id\": -1,\n            \"title\": \"Blog\"\n        },\n        \"type\": \"nav_menu_item\",\n        \"user_id\": 1,\n        \"date_modified_gmt\": \"2020-11-10 10:29:53\"\n    },\n    \"nav_menu_item[-4]\": {\n        \"starter_content\": true,\n        \"value\": {\n            \"type\": \"post_type\",\n            \"object\": \"page\",\n            \"object_id\": 14,\n            \"position\": 3,\n            \"nav_menu_term_id\": -1,\n            \"title\": \"Contact\"\n        },\n        \"type\": \"nav_menu_item\",\n        \"user_id\": 1,\n        \"date_modified_gmt\": \"2020-11-10 10:29:53\"\n    },\n    \"twentytwenty::nav_menu_locations[primary]\": {\n        \"starter_content\": true,\n        \"value\": -1,\n        \"type\": \"theme_mod\",\n        \"user_id\": 1,\n        \"date_modified_gmt\": \"2020-11-10 10:29:53\"\n    },\n    \"nav_menu[-5]\": {\n        \"starter_content\": true,\n        \"value\": {\n            \"name\": \"Primary\"\n        },\n        \"type\": \"nav_menu\",\n        \"user_id\": 1,\n        \"date_modified_gmt\": \"2020-11-10 10:29:53\"\n    },\n    \"nav_menu_item[-5]\": {\n        \"starter_content\": true,\n        \"value\": {\n            \"type\": \"custom\",\n            \"title\": \"Home\",\n            \"url\": \"http://localhost/thucung/\",\n            \"position\": 0,\n            \"nav_menu_term_id\": -5,\n            \"object_id\": 0\n        },\n        \"type\": \"nav_menu_item\",\n        \"user_id\": 1,\n        \"date_modified_gmt\": \"2020-11-10 10:29:53\"\n    },\n    \"nav_menu_item[-6]\": {\n        \"starter_content\": true,\n        \"value\": {\n            \"type\": \"post_type\",\n            \"object\": \"page\",\n            \"object_id\": 13,\n            \"position\": 1,\n            \"nav_menu_term_id\": -5,\n            \"title\": \"About\"\n        },\n        \"type\": \"nav_menu_item\",\n        \"user_id\": 1,\n        \"date_modified_gmt\": \"2020-11-10 10:29:53\"\n    },\n    \"nav_menu_item[-7]\": {\n        \"starter_content\": true,\n        \"value\": {\n            \"type\": \"post_type\",\n            \"object\": \"page\",\n            \"object_id\": 15,\n            \"position\": 2,\n            \"nav_menu_term_id\": -5,\n            \"title\": \"Blog\"\n        },\n        \"type\": \"nav_menu_item\",\n        \"user_id\": 1,\n        \"date_modified_gmt\": \"2020-11-10 10:29:53\"\n    },\n    \"nav_menu_item[-8]\": {\n        \"starter_content\": true,\n        \"value\": {\n            \"type\": \"post_type\",\n            \"object\": \"page\",\n            \"object_id\": 14,\n            \"position\": 3,\n            \"nav_menu_term_id\": -5,\n            \"title\": \"Contact\"\n        },\n        \"type\": \"nav_menu_item\",\n        \"user_id\": 1,\n        \"date_modified_gmt\": \"2020-11-10 10:29:53\"\n    },\n    \"twentytwenty::nav_menu_locations[expanded]\": {\n        \"starter_content\": true,\n        \"value\": -5,\n        \"type\": \"theme_mod\",\n        \"user_id\": 1,\n        \"date_modified_gmt\": \"2020-11-10 10:29:53\"\n    },\n    \"nav_menu[-9]\": {\n        \"starter_content\": true,\n        \"value\": {\n            \"name\": \"Social Links Menu\"\n        },\n        \"type\": \"nav_menu\",\n        \"user_id\": 1,\n        \"date_modified_gmt\": \"2020-11-10 10:29:53\"\n    },\n    \"nav_menu_item[-9]\": {\n        \"starter_content\": true,\n        \"value\": {\n            \"title\": \"Yelp\",\n            \"url\": \"https://www.yelp.com\",\n            \"position\": 0,\n            \"nav_menu_term_id\": -9,\n            \"object_id\": 0\n        },\n        \"type\": \"nav_menu_item\",\n        \"user_id\": 1,\n        \"date_modified_gmt\": \"2020-11-10 10:29:53\"\n    },\n    \"nav_menu_item[-10]\": {\n        \"starter_content\": true,\n        \"value\": {\n            \"title\": \"Facebook\",\n            \"url\": \"https://www.facebook.com/wordpress\",\n            \"position\": 1,\n            \"nav_menu_term_id\": -9,\n            \"object_id\": 0\n        },\n        \"type\": \"nav_menu_item\",\n        \"user_id\": 1,\n        \"date_modified_gmt\": \"2020-11-10 10:29:53\"\n    },\n    \"nav_menu_item[-11]\": {\n        \"starter_content\": true,\n        \"value\": {\n            \"title\": \"Twitter\",\n            \"url\": \"https://twitter.com/wordpress\",\n            \"position\": 2,\n            \"nav_menu_term_id\": -9,\n            \"object_id\": 0\n        },\n        \"type\": \"nav_menu_item\",\n        \"user_id\": 1,\n        \"date_modified_gmt\": \"2020-11-10 10:29:53\"\n    },\n    \"nav_menu_item[-12]\": {\n        \"starter_content\": true,\n        \"value\": {\n            \"title\": \"Instagram\",\n            \"url\": \"https://www.instagram.com/explore/tags/wordcamp/\",\n            \"position\": 3,\n            \"nav_menu_term_id\": -9,\n            \"object_id\": 0\n        },\n        \"type\": \"nav_menu_item\",\n        \"user_id\": 1,\n        \"date_modified_gmt\": \"2020-11-10 10:29:53\"\n    },\n    \"nav_menu_item[-13]\": {\n        \"starter_content\": true,\n        \"value\": {\n            \"title\": \"Email\",\n            \"url\": \"mailto:wordpress@example.com\",\n            \"position\": 4,\n            \"nav_menu_term_id\": -9,\n            \"object_id\": 0\n        },\n        \"type\": \"nav_menu_item\",\n        \"user_id\": 1,\n        \"date_modified_gmt\": \"2020-11-10 10:29:53\"\n    },\n    \"twentytwenty::nav_menu_locations[social]\": {\n        \"starter_content\": true,\n        \"value\": -9,\n        \"type\": \"theme_mod\",\n        \"user_id\": 1,\n        \"date_modified_gmt\": \"2020-11-10 10:29:53\"\n    },\n    \"show_on_front\": {\n        \"starter_content\": true,\n        \"value\": \"page\",\n        \"type\": \"option\",\n        \"user_id\": 1,\n        \"date_modified_gmt\": \"2020-11-10 10:29:53\"\n    },\n    \"page_on_front\": {\n        \"starter_content\": true,\n        \"value\": 12,\n        \"type\": \"option\",\n        \"user_id\": 1,\n        \"date_modified_gmt\": \"2020-11-10 10:29:53\"\n    },\n    \"page_for_posts\": {\n        \"starter_content\": true,\n        \"value\": 15,\n        \"type\": \"option\",\n        \"user_id\": 1,\n        \"date_modified_gmt\": \"2020-11-10 10:29:53\"\n    }\n}', '', '', 'auto-draft', 'closed', 'closed', '', '5b85e38d-980c-4915-91a0-190cf51b4663', '', '', '2020-11-10 10:29:53', '0000-00-00 00:00:00', '', 0, 'http://localhost/thucung/?p=16', 0, 'customize_changeset', '', 0);

-- --------------------------------------------------------

--
-- Cấu trúc bảng cho bảng `wp_thucungtermmeta`
--

DROP TABLE IF EXISTS `wp_thucungtermmeta`;
CREATE TABLE IF NOT EXISTS `wp_thucungtermmeta` (
  `meta_id` bigint(20) UNSIGNED NOT NULL AUTO_INCREMENT,
  `term_id` bigint(20) UNSIGNED NOT NULL DEFAULT '0',
  `meta_key` varchar(255) COLLATE utf8mb4_unicode_520_ci DEFAULT NULL,
  `meta_value` longtext COLLATE utf8mb4_unicode_520_ci,
  PRIMARY KEY (`meta_id`),
  KEY `term_id` (`term_id`),
  KEY `meta_key` (`meta_key`(191))
) ENGINE=MyISAM DEFAULT CHARSET=utf8mb4 COLLATE=utf8mb4_unicode_520_ci;

-- --------------------------------------------------------

--
-- Cấu trúc bảng cho bảng `wp_thucungterms`
--

DROP TABLE IF EXISTS `wp_thucungterms`;
CREATE TABLE IF NOT EXISTS `wp_thucungterms` (
  `term_id` bigint(20) UNSIGNED NOT NULL AUTO_INCREMENT,
  `name` varchar(200) COLLATE utf8mb4_unicode_520_ci NOT NULL DEFAULT '',
  `slug` varchar(200) COLLATE utf8mb4_unicode_520_ci NOT NULL DEFAULT '',
  `term_group` bigint(10) NOT NULL DEFAULT '0',
  PRIMARY KEY (`term_id`),
  KEY `slug` (`slug`(191)),
  KEY `name` (`name`(191))
) ENGINE=MyISAM AUTO_INCREMENT=2 DEFAULT CHARSET=utf8mb4 COLLATE=utf8mb4_unicode_520_ci;

--
-- Đang đổ dữ liệu cho bảng `wp_thucungterms`
--

INSERT INTO `wp_thucungterms` (`term_id`, `name`, `slug`, `term_group`) VALUES
(1, 'Uncategorized', 'uncategorized', 0);

-- --------------------------------------------------------

--
-- Cấu trúc bảng cho bảng `wp_thucungterm_relationships`
--

DROP TABLE IF EXISTS `wp_thucungterm_relationships`;
CREATE TABLE IF NOT EXISTS `wp_thucungterm_relationships` (
  `object_id` bigint(20) UNSIGNED NOT NULL DEFAULT '0',
  `term_taxonomy_id` bigint(20) UNSIGNED NOT NULL DEFAULT '0',
  `term_order` int(11) NOT NULL DEFAULT '0',
  PRIMARY KEY (`object_id`,`term_taxonomy_id`),
  KEY `term_taxonomy_id` (`term_taxonomy_id`)
) ENGINE=MyISAM DEFAULT CHARSET=utf8mb4 COLLATE=utf8mb4_unicode_520_ci;

--
-- Đang đổ dữ liệu cho bảng `wp_thucungterm_relationships`
--

INSERT INTO `wp_thucungterm_relationships` (`object_id`, `term_taxonomy_id`, `term_order`) VALUES
(1, 1, 0);

-- --------------------------------------------------------

--
-- Cấu trúc bảng cho bảng `wp_thucungterm_taxonomy`
--

DROP TABLE IF EXISTS `wp_thucungterm_taxonomy`;
CREATE TABLE IF NOT EXISTS `wp_thucungterm_taxonomy` (
  `term_taxonomy_id` bigint(20) UNSIGNED NOT NULL AUTO_INCREMENT,
  `term_id` bigint(20) UNSIGNED NOT NULL DEFAULT '0',
  `taxonomy` varchar(32) COLLATE utf8mb4_unicode_520_ci NOT NULL DEFAULT '',
  `description` longtext COLLATE utf8mb4_unicode_520_ci NOT NULL,
  `parent` bigint(20) UNSIGNED NOT NULL DEFAULT '0',
  `count` bigint(20) NOT NULL DEFAULT '0',
  PRIMARY KEY (`term_taxonomy_id`),
  UNIQUE KEY `term_id_taxonomy` (`term_id`,`taxonomy`),
  KEY `taxonomy` (`taxonomy`)
) ENGINE=MyISAM AUTO_INCREMENT=2 DEFAULT CHARSET=utf8mb4 COLLATE=utf8mb4_unicode_520_ci;

--
-- Đang đổ dữ liệu cho bảng `wp_thucungterm_taxonomy`
--

INSERT INTO `wp_thucungterm_taxonomy` (`term_taxonomy_id`, `term_id`, `taxonomy`, `description`, `parent`, `count`) VALUES
(1, 1, 'category', '', 0, 1);

-- --------------------------------------------------------

--
-- Cấu trúc bảng cho bảng `wp_thucungusermeta`
--

DROP TABLE IF EXISTS `wp_thucungusermeta`;
CREATE TABLE IF NOT EXISTS `wp_thucungusermeta` (
  `umeta_id` bigint(20) UNSIGNED NOT NULL AUTO_INCREMENT,
  `user_id` bigint(20) UNSIGNED NOT NULL DEFAULT '0',
  `meta_key` varchar(255) COLLATE utf8mb4_unicode_520_ci DEFAULT NULL,
  `meta_value` longtext COLLATE utf8mb4_unicode_520_ci,
  PRIMARY KEY (`umeta_id`),
  KEY `user_id` (`user_id`),
  KEY `meta_key` (`meta_key`(191))
) ENGINE=MyISAM AUTO_INCREMENT=22 DEFAULT CHARSET=utf8mb4 COLLATE=utf8mb4_unicode_520_ci;

--
-- Đang đổ dữ liệu cho bảng `wp_thucungusermeta`
--

INSERT INTO `wp_thucungusermeta` (`umeta_id`, `user_id`, `meta_key`, `meta_value`) VALUES
(1, 1, 'nickname', 'tranbinhan'),
(2, 1, 'first_name', ''),
(3, 1, 'last_name', ''),
(4, 1, 'description', ''),
(5, 1, 'rich_editing', 'true'),
(6, 1, 'syntax_highlighting', 'true'),
(7, 1, 'comment_shortcuts', 'false'),
(8, 1, 'admin_color', 'fresh'),
(9, 1, 'use_ssl', '0'),
(10, 1, 'show_admin_bar_front', 'true'),
(11, 1, 'locale', ''),
(12, 1, 'wp_thucungcapabilities', 'a:1:{s:13:\"administrator\";b:1;}'),
(13, 1, 'wp_thucunguser_level', '10'),
(14, 1, 'dismissed_wp_pointers', ''),
(15, 1, 'show_welcome_panel', '1'),
(16, 1, 'session_tokens', 'a:4:{s:64:\"b692fa3b417e7fd8e42eebdf29155d1cfc5cfa42230e65d38364a8c2727dcf4f\";a:4:{s:10:\"expiration\";i:1605167875;s:2:\"ip\";s:3:\"::1\";s:2:\"ua\";s:115:\"Mozilla/5.0 (Windows NT 10.0; Win64; x64) AppleWebKit/537.36 (KHTML, like Gecko) Chrome/86.0.4240.183 Safari/537.36\";s:5:\"login\";i:1604995075;}s:64:\"6bd6264ff1370f9f8fb4e11f0d9b80e2bfbcc1e6fa17a1e5c26b8c1caed0e62b\";a:4:{s:10:\"expiration\";i:1605226912;s:2:\"ip\";s:3:\"::1\";s:2:\"ua\";s:115:\"Mozilla/5.0 (Windows NT 10.0; Win64; x64) AppleWebKit/537.36 (KHTML, like Gecko) Chrome/86.0.4240.183 Safari/537.36\";s:5:\"login\";i:1605054112;}s:64:\"6cf2c1b03e9f3dcbba74c7b9442e41cfe013931ca850061c4ee9f3f009162086\";a:4:{s:10:\"expiration\";i:1605227337;s:2:\"ip\";s:3:\"::1\";s:2:\"ua\";s:115:\"Mozilla/5.0 (Windows NT 10.0; Win64; x64) AppleWebKit/537.36 (KHTML, like Gecko) Chrome/86.0.4240.183 Safari/537.36\";s:5:\"login\";i:1605054537;}s:64:\"393423fcab96a454a8f66fe1f9ea4f7bbb85b3ead991edce01cae707059ea3dd\";a:4:{s:10:\"expiration\";i:1605236183;s:2:\"ip\";s:3:\"::1\";s:2:\"ua\";s:115:\"Mozilla/5.0 (Windows NT 10.0; Win64; x64) AppleWebKit/537.36 (KHTML, like Gecko) Chrome/86.0.4240.183 Safari/537.36\";s:5:\"login\";i:1605063383;}}'),
(17, 1, 'wp_thucunguser-settings', 'libraryContent=browse'),
(18, 1, 'wp_thucunguser-settings-time', '1604995072'),
(19, 1, 'wp_thucungdashboard_quick_press_last_post_id', '4'),
(20, 1, 'managenav-menuscolumnshidden', 'a:5:{i:0;s:11:\"link-target\";i:1;s:11:\"css-classes\";i:2;s:3:\"xfn\";i:3;s:11:\"description\";i:4;s:15:\"title-attribute\";}'),
(21, 1, 'metaboxhidden_nav-menus', 'a:1:{i:0;s:12:\"add-post_tag\";}');

-- --------------------------------------------------------

--
-- Cấu trúc bảng cho bảng `wp_thucungusers`
--

DROP TABLE IF EXISTS `wp_thucungusers`;
CREATE TABLE IF NOT EXISTS `wp_thucungusers` (
  `ID` bigint(20) UNSIGNED NOT NULL AUTO_INCREMENT,
  `user_login` varchar(60) COLLATE utf8mb4_unicode_520_ci NOT NULL DEFAULT '',
  `user_pass` varchar(255) COLLATE utf8mb4_unicode_520_ci NOT NULL DEFAULT '',
  `user_nicename` varchar(50) COLLATE utf8mb4_unicode_520_ci NOT NULL DEFAULT '',
  `user_email` varchar(100) COLLATE utf8mb4_unicode_520_ci NOT NULL DEFAULT '',
  `user_url` varchar(100) COLLATE utf8mb4_unicode_520_ci NOT NULL DEFAULT '',
  `user_registered` datetime NOT NULL DEFAULT '0000-00-00 00:00:00',
  `user_activation_key` varchar(255) COLLATE utf8mb4_unicode_520_ci NOT NULL DEFAULT '',
  `user_status` int(11) NOT NULL DEFAULT '0',
  `display_name` varchar(250) COLLATE utf8mb4_unicode_520_ci NOT NULL DEFAULT '',
  PRIMARY KEY (`ID`),
  KEY `user_login_key` (`user_login`),
  KEY `user_nicename` (`user_nicename`),
  KEY `user_email` (`user_email`)
) ENGINE=MyISAM AUTO_INCREMENT=2 DEFAULT CHARSET=utf8mb4 COLLATE=utf8mb4_unicode_520_ci;

--
-- Đang đổ dữ liệu cho bảng `wp_thucungusers`
--

INSERT INTO `wp_thucungusers` (`ID`, `user_login`, `user_pass`, `user_nicename`, `user_email`, `user_url`, `user_registered`, `user_activation_key`, `user_status`, `display_name`) VALUES
(1, 'tranbinhan', '$P$B24eYDnmDe0PkQEcS503ihJuwNke.L.', 'tranbinhan', 'tranbinhan1997@gmail.com', 'http://localhost/thucung', '2020-11-10 07:57:48', '', 0, 'tranbinhan');
COMMIT;

/*!40101 SET CHARACTER_SET_CLIENT=@OLD_CHARACTER_SET_CLIENT */;
/*!40101 SET CHARACTER_SET_RESULTS=@OLD_CHARACTER_SET_RESULTS */;
/*!40101 SET COLLATION_CONNECTION=@OLD_COLLATION_CONNECTION */;
